EGID,Date of Construction,Year of Demolition,Surface Area of Building,Number of Floors,Age
140078,1837,2007,86.0,6,187
140604,1838,2009,147.0,5,186
141094,1950,2009,200.0,3,74
141126,1951,2023,215.0,4,73
141156,1945,2018,267.0,5,79
141157,1945,2018,244.0,5,79
141158,1945,2018,244.0,5,79
141159,1945,2018,267.0,5,79
141160,1945,2018,246.0,5,79
141161,1945,2018,245.0,5,79
141162,1945,2018,271.0,5,79
141163,1945,2018,271.0,5,79
141164,1945,2018,270.0,5,79
141165,1945,2018,267.0,5,79
141166,1945,2018,272.0,5,79
141167,1945,2018,267.0,5,79
141174,1951,2013,267.0,5,73
141175,1951,2013,263.0,5,73
141176,1951,2013,270.0,6,73
141177,1951,2013,240.0,5,73
141182,1960,2023,230.0,5,64
141183,1951,2013,234.0,4,73
141184,1951,2013,248.0,4,73
141192,1923,2023,78.0,4,101
141193,1928,2023,175.0,4,96
141239,1950,2018,202.0,5,74
141240,1950,2018,191.0,5,74
141260,1957,2007,230.0,4,67
141295,1925,2003,137.0,5,99
141333,1950,2022,192.0,5,74
141334,1950,2022,171.0,5,74
141337,1965,2022,144.0,5,59
141342,1894,2006,120.0,6,130
141348,1950,2022,166.0,5,74
141349,1950,2022,165.0,5,74
141350,1950,2022,154.0,5,74
141352,1950,2022,156.0,5,74
141354,1950,2022,156.0,6,74
141355,1950,2022,156.0,6,74
141356,1950,2022,155.0,5,74
141357,1950,2022,154.0,5,74
141358,1950,2022,160.0,5,74
141360,1926,2023,192.0,6,98
141361,1926,2023,270.0,6,98
141381,1926,2023,191.0,6,98
141407,1931,2021,141.0,3,93
141411,1937,2003,77.0,5,87
141414,1937,2003,71.0,4,87
141443,1931,2013,160.0,4,93
141444,1931,2013,157.0,4,93
141445,1931,2013,159.0,4,93
141446,1931,2015,220.0,4,93
141447,1931,2015,220.0,4,93
141449,1938,2021,64.0,4,86
141453,1949,2020,185.0,5,75
141454,1949,2020,181.0,5,75
141455,1949,2020,185.0,4,75
141461,1925,2010,110.0,4,99
141462,1948,2023,227.0,4,76
141463,1931,2013,191.0,4,93
141464,1948,2023,245.0,4,76
141465,1948,2023,287.0,4,76
141470,1931,2015,164.0,4,93
141471,1931,2015,167.0,6,93
141475,1938,2013,56.0,4,86
141476,1931,2013,49.0,4,93
141477,1931,2013,50.0,4,93
141478,1931,2013,50.0,4,93
141479,1931,2013,49.0,4,93
141480,1931,2013,49.0,4,93
141481,1931,2013,50.0,4,93
141482,1931,2013,57.0,4,93
141552,1932,2008,203.0,4,92
141558,1913,2008,100.0,5,111
141561,1906,2007,104.0,5,118
141649,1950,2008,296.0,5,74
141650,1950,2008,180.0,5,74
141651,1950,2008,169.0,5,74
141652,1950,2008,183.0,5,74
141656,1950,2008,168.0,5,74
141657,1950,2008,166.0,5,74
141658,1950,2008,192.0,6,74
141744,1936,2022,128.0,4,88
141770,1910,2015,131.0,5,114
142017,2000,2004,215.0,3,24
142132,1953,2023,174.0,5,71
142133,1953,2023,173.0,5,71
142134,1953,2023,174.0,5,71
142185,1929,2009,175.0,6,95
142214,1928,2014,167.0,6,96
142215,1928,2014,167.0,6,96
142216,1928,2014,167.0,6,96
142217,1928,2014,166.0,6,96
142218,1896,2009,106.0,5,128
142267,1951,2012,233.0,5,73
142271,1954,2022,226.0,5,70
142272,1951,2012,231.0,5,73
142292,1960,2017,268.0,5,64
142395,1930,2007,171.0,5,94
142396,1930,2007,178.0,5,94
142397,1930,2007,173.0,5,94
142398,1930,2007,176.0,5,94
142406,1932,2016,187.0,5,92
142407,1932,2016,187.0,4,92
142409,1932,2016,180.0,5,92
142410,1931,2016,178.0,5,93
142411,1931,2016,177.0,5,93
142412,1931,2016,178.0,5,93
142413,1932,2016,179.0,5,92
142414,1932,2016,179.0,5,92
142425,1929,2016,57.0,4,95
142426,1929,2016,56.0,4,95
142427,1929,2016,56.0,4,95
142428,1929,2016,56.0,4,95
142429,1929,2016,64.0,4,95
142430,1931,2016,44.0,4,93
142431,1931,2016,43.0,4,93
142432,1931,2016,44.0,4,93
142433,1931,2016,44.0,4,93
142434,1931,2016,43.0,4,93
142435,1931,2016,44.0,4,93
142436,1931,2016,81.0,4,93
142437,1931,2016,45.0,4,93
142438,1931,2016,44.0,4,93
142439,1931,2016,43.0,4,93
142440,1931,2016,44.0,4,93
142441,1931,2016,43.0,4,93
142442,1931,2016,44.0,4,93
142443,1931,2016,80.0,4,93
142444,1931,2016,45.0,4,93
142445,1931,2016,44.0,4,93
142446,1931,2016,43.0,4,93
142447,1931,2016,44.0,4,93
142448,1931,2016,44.0,4,93
142449,1931,2016,43.0,4,93
142450,1931,2016,81.0,4,93
142453,1931,2016,177.0,5,93
142454,1931,2016,178.0,5,93
142455,1932,2016,178.0,5,92
142456,1932,2016,178.0,5,92
142457,1929,2016,51.0,4,95
142458,1929,2016,51.0,4,95
142459,1929,2016,51.0,4,95
142460,1929,2016,50.0,4,95
142461,1929,2016,66.0,4,95
142491,1929,2016,193.0,5,95
142492,1929,2016,193.0,5,95
142493,1929,2016,195.0,5,95
142494,1929,2016,193.0,5,95
142496,1929,2016,53.0,4,95
142497,1929,2016,52.0,4,95
142498,1929,2016,51.0,4,95
142499,1929,2016,52.0,4,95
142500,1929,2016,66.0,4,95
142545,1946,2022,121.0,4,78
142550,1912,2014,124.0,5,112
142576,1923,2014,177.0,4,101
142577,1923,2013,180.0,5,101
142579,1923,2013,52.0,4,101
142580,1923,2014,46.0,4,101
142581,1923,2013,47.0,4,101
142582,1924,2014,46.0,4,100
142583,1923,2013,47.0,4,101
142584,1923,2014,51.0,4,101
142585,1923,2013,52.0,4,101
142586,1923,2014,51.0,4,101
142587,1923,2013,52.0,4,101
142588,1923,2014,45.0,4,101
142589,1923,2013,46.0,4,101
142590,1923,2014,45.0,4,101
142591,1923,2013,46.0,4,101
142592,1923,2014,51.0,4,101
142593,1923,2013,52.0,4,101
142594,1923,2014,158.0,5,101
142595,1923,2013,162.0,5,101
142600,1923,2014,163.0,5,101
142602,1912,2014,190.0,5,112
142603,1912,2014,183.0,6,112
142607,1912,2014,112.0,5,112
142608,1912,2014,185.0,5,112
142609,1912,2014,114.0,5,112
142612,1935,2012,106.0,4,89
142614,1949,2019,143.0,5,75
142619,1931,2022,150.0,4,93
142620,1931,2022,152.0,4,93
142621,1931,2022,182.0,5,93
142622,1931,2022,150.0,5,93
142623,1931,2022,150.0,5,93
142624,1931,2022,180.0,5,93
142625,1931,2022,150.0,5,93
142626,1931,2022,149.0,5,93
142631,1931,2022,130.0,5,93
142634,1944,2020,161.0,4,80
142637,1934,2012,71.0,4,90
142659,1947,2023,150.0,5,77
142664,1946,2021,79.0,4,78
142665,1946,2021,72.0,4,78
142713,1955,2023,198.0,4,69
142750,1931,2016,121.0,3,93
142813,1932,2012,115.0,4,92
142855,1926,2023,185.0,4,98
142856,1926,2023,187.0,4,98
142857,1926,2023,187.0,4,98
142860,1926,2023,55.0,3,98
142861,1926,2023,63.0,3,98
142951,1927,2014,90.0,3,97
142973,1948,2014,81.0,3,76
143004,1935,2010,91.0,4,89
143010,1950,2024,82.0,3,74
143014,1942,2005,135.0,4,82
143020,1930,2005,62.0,4,94
143021,1930,2005,61.0,4,94
143022,1930,2005,55.0,4,94
143023,1930,2005,54.0,4,94
143024,1930,2005,53.0,4,94
143025,1930,2005,54.0,4,94
143026,1930,2005,54.0,4,94
143027,1930,2005,54.0,4,94
143028,1930,2005,54.0,4,94
143029,1930,2005,54.0,4,94
143030,1930,2005,54.0,4,94
143031,1930,2005,56.0,4,94
143032,1930,2005,57.0,4,94
143033,1930,2005,56.0,4,94
143034,1963,2005,304.0,5,61
143035,1930,2005,54.0,4,94
143036,1930,2005,54.0,4,94
143037,1930,2005,54.0,4,94
143038,1930,2005,54.0,4,94
143039,1930,2005,54.0,4,94
143040,1930,2005,55.0,4,94
143041,1930,2005,55.0,4,94
143042,1930,2005,60.0,4,94
143043,1930,2005,56.0,4,94
143045,1930,2005,55.0,4,94
143107,1937,2018,71.0,4,87
143109,1919,2021,119.0,4,105
143112,1919,2020,85.0,4,105
143215,1957,2020,161.0,4,67
143216,1957,2020,159.0,4,67
143217,1957,2020,159.0,4,67
143218,1957,2020,159.0,4,67
143240,1957,2020,160.0,5,67
143241,1957,2020,157.0,5,67
143242,1957,2020,162.0,5,67
143243,1957,2020,134.0,4,67
143244,1957,2020,147.0,4,67
143245,1957,2020,134.0,5,67
143246,1957,2020,147.0,4,67
143247,1957,2020,145.0,4,67
143248,1957,2020,135.0,4,67
143249,1957,2020,147.0,4,67
143250,1957,2020,135.0,4,67
143302,1951,2008,242.0,4,73
143303,1951,2007,158.0,4,73
143304,1951,2007,160.0,4,73
143305,1951,2010,172.0,5,73
143306,1951,2010,173.0,5,73
143307,1951,2010,172.0,5,73
143406,1932,2022,148.0,4,92
143796,1944,2012,202.0,8,80
143797,1944,2012,197.0,8,80
144006,1944,2021,103.0,4,80
144036,1942,2014,247.0,5,82
144037,1942,2014,246.0,5,82
144038,1942,2014,247.0,5,82
144039,1942,2012,247.0,5,82
144040,1942,2012,246.0,5,82
144041,1932,2009,94.0,4,92
144046,1929,2021,357.0,4,95
144047,1942,2014,246.0,5,82
144075,1921,2011,111.0,4,103
144100,1938,2016,91.0,4,86
144106,1950,2011,304.0,6,74
144109,1943,2014,120.0,5,81
144111,1943,2014,119.0,5,81
144113,1942,2014,240.0,5,82
144115,1942,2014,240.0,5,82
144116,1942,2014,240.0,5,82
144119,1952,2021,237.0,5,72
144123,1952,2021,238.0,5,72
144124,1952,2021,235.0,5,72
144141,1951,2017,276.0,4,73
144146,1942,2012,257.0,5,82
144148,1942,2012,257.0,5,82
144154,1951,2017,192.0,4,73
144155,1951,2017,211.0,4,73
144156,1942,2012,247.0,5,82
144207,1927,2022,218.0,5,97
144240,1952,2018,205.0,6,72
144241,1953,2018,189.0,4,71
144242,1953,2018,197.0,6,71
144243,1953,2021,181.0,5,71
144244,1953,2021,205.0,6,71
144308,1803,2013,231.0,5,221
144458,1942,2022,193.0,5,82
144459,1942,2022,192.0,5,82
144475,1942,2008,156.0,5,82
144476,1942,2008,227.0,5,82
144477,1942,2008,157.0,5,82
144543,1960,2021,205.0,5,64
144544,1960,2021,204.0,5,64
144545,1960,2021,203.0,5,64
144546,1960,2021,306.0,5,64
144547,1960,2021,174.0,5,64
144548,1960,2021,174.0,5,64
144559,1944,2009,163.0,5,80
144560,1944,2009,212.0,5,80
144561,1944,2010,164.0,5,80
144562,1944,2009,163.0,5,80
144563,1944,2009,212.0,5,80
144564,1944,2009,163.0,5,80
144565,1944,2009,155.0,5,80
144566,1944,2009,156.0,5,80
144579,1945,2009,211.0,5,79
144580,1945,2009,210.0,5,79
144581,1945,2009,212.0,5,79
144582,1945,2009,211.0,5,79
144583,1945,2009,157.0,5,79
144587,1945,2009,201.0,5,79
144600,1935,2011,201.0,5,89
144601,1935,2011,201.0,5,89
144615,1940,2022,109.0,4,84
145074,1934,2023,173.0,5,90
145137,1946,2021,258.0,6,78
145138,1946,2012,258.0,6,78
145205,1878,2021,87.0,5,146
145219,1970,2022,325.0,6,54
145223,1970,2022,319.0,6,54
145256,1923,2021,130.0,4,101
145342,1925,2016,78.0,4,99
145343,1925,2016,69.0,4,99
145368,1930,2009,100.0,5,94
145402,1929,2014,156.0,6,95
145406,1927,2022,70.0,4,97
145407,1927,2023,65.0,4,97
145435,1930,2009,255.0,6,94
145459,1955,2011,199.0,4,69
145559,1910,2003,328.0,3,114
145623,1944,2007,177.0,5,80
145624,1944,2007,190.0,5,80
145625,1944,2007,190.0,5,80
145626,1944,2007,172.0,5,80
145627,1944,2007,173.0,5,80
145628,1944,2007,189.0,5,80
145629,1944,2007,190.0,5,80
145630,1944,2007,173.0,5,80
145662,1945,2007,214.0,5,79
145663,1945,2007,188.0,5,79
145664,1945,2007,213.0,5,79
145665,1945,2007,248.0,5,79
145666,1945,2007,230.0,5,79
145667,1945,2007,250.0,5,79
145769,1933,2022,133.0,5,91
145770,1933,2022,133.0,5,91
145771,1933,2020,134.0,5,91
145772,1933,2020,132.0,5,91
145773,1934,2020,137.0,5,90
145774,1934,2020,140.0,5,90
145931,1959,2015,182.0,5,65
145932,1959,2015,183.0,5,65
145937,1959,2017,182.0,5,65
145938,1959,2017,182.0,5,65
145940,1959,2017,155.0,5,65
145941,1959,2017,155.0,5,65
145943,1959,2015,154.0,5,65
145944,1959,2015,154.0,5,65
145946,1959,2015,155.0,5,65
145947,1959,2015,156.0,5,65
145958,1959,2017,154.0,5,65
145961,1959,2015,182.0,5,65
145963,1959,2015,184.0,5,65
145977,1939,2021,68.0,4,85
146219,1929,2021,112.0,4,95
146248,1892,2012,102.0,3,132
146250,1929,2011,110.0,3,95
146251,1929,2011,107.0,3,95
146252,1929,2012,108.0,3,95
146253,1929,2011,106.0,3,95
146254,1929,2012,107.0,3,95
146255,1929,2011,109.0,3,95
146256,1929,2012,110.0,3,95
146257,1929,2011,110.0,3,95
146258,1929,2012,97.0,3,95
146259,1929,2011,107.0,3,95
146260,1929,2012,96.0,3,95
146261,1929,2012,95.0,3,95
146262,1929,2011,108.0,3,95
146263,1929,2012,97.0,3,95
146264,1929,2011,111.0,3,95
146265,1929,2012,110.0,3,95
146266,1929,2011,110.0,3,95
146267,1929,2012,109.0,3,95
146268,1929,2011,106.0,3,95
146269,1929,2012,96.0,3,95
146270,1929,2011,106.0,3,95
146271,1929,2012,95.0,3,95
146272,1929,2011,108.0,3,95
146273,1929,2012,96.0,3,95
146274,1929,2011,110.0,3,95
146275,1929,2012,97.0,3,95
146276,1929,2011,106.0,3,95
146277,1929,2012,110.0,3,95
146278,1929,2011,107.0,3,95
146279,1929,2012,107.0,3,95
146280,1929,2011,109.0,3,95
146281,1929,2012,106.0,3,95
146282,1929,2012,109.0,3,95
146283,1929,2010,111.0,3,95
146284,1929,2010,108.0,3,95
146285,1929,2010,108.0,3,95
146286,1929,2010,110.0,3,95
146312,1929,2012,109.0,3,95
146313,1929,2010,107.0,3,95
146314,1929,2010,110.0,3,95
146315,1929,2010,108.0,3,95
146316,1929,2010,110.0,3,95
146317,1929,2010,110.0,3,95
146318,1929,2010,97.0,3,95
146319,1929,2010,110.0,3,95
146320,1929,2010,95.0,3,95
146321,1929,2010,95.0,3,95
146322,1929,2010,109.0,3,95
146323,1929,2010,97.0,3,95
146324,1929,2010,110.0,3,95
146325,1929,2010,97.0,3,95
146326,1929,2010,111.0,3,95
146327,1929,2010,96.0,3,95
146329,1929,2010,96.0,3,95
146330,1929,2010,109.0,3,95
146331,1929,2010,98.0,3,95
146332,1929,2010,107.0,3,95
146333,1929,2010,110.0,3,95
146334,1929,2010,107.0,3,95
146335,1929,2010,106.0,3,95
146336,1929,2010,110.0,3,95
146337,1929,2010,108.0,3,95
146338,1929,2010,110.0,3,95
146717,1958,2023,228.0,5,66
146718,1958,2023,228.0,5,66
146727,1959,2023,228.0,5,65
146735,1959,2023,228.0,5,65
146846,1924,2005,114.0,4,100
146849,1969,2023,126.0,3,55
146913,1943,2004,150.0,5,81
146914,1943,2004,150.0,5,81
146916,1935,2004,137.0,5,89
146917,1935,2004,157.0,5,89
146927,1932,2014,185.0,5,92
146928,1932,2014,186.0,5,92
146929,1932,2014,177.0,5,92
146930,1932,2014,177.0,5,92
146931,1932,2014,185.0,5,92
146932,1932,2014,185.0,5,92
146933,1932,2014,217.0,5,92
146934,1932,2014,217.0,5,92
146935,1932,2014,177.0,5,92
146936,1932,2014,178.0,5,92
146937,1932,2014,250.0,5,92
146938,1931,2014,134.0,5,93
146939,1931,2014,134.0,5,93
146940,1930,2014,171.0,6,94
146941,1930,2014,135.0,6,94
146942,1930,2014,177.0,6,94
146943,1930,2014,187.0,6,94
146944,1930,2014,178.0,6,94
146954,1968,2023,224.0,4,56
146955,1968,2023,185.0,4,56
147046,1956,2022,156.0,6,68
147047,1956,2021,158.0,6,68
147175,1949,2012,155.0,5,75
147176,1949,2012,153.0,5,75
147177,1949,2012,101.0,7,75
147178,1950,2012,154.0,6,74
147179,1950,2012,179.0,6,74
147180,1950,2012,155.0,6,74
147191,1949,2012,156.0,5,75
147192,1949,2012,155.0,5,75
147193,1949,2012,102.0,7,75
147194,1950,2012,155.0,5,74
147195,1950,2012,154.0,5,74
147196,1950,2012,98.0,7,74
147197,1950,2012,156.0,5,74
147198,1950,2012,155.0,5,74
147199,1950,2012,100.0,7,74
147200,1950,2010,146.0,5,74
147201,1950,2010,144.0,5,74
147202,1950,2010,146.0,5,74
147204,1951,2010,148.0,4,73
147205,1951,2010,146.0,4,73
147206,1951,2010,150.0,4,73
147207,1951,2010,182.0,7,73
147208,1951,2010,181.0,7,73
147219,1951,2010,176.0,6,73
147220,1951,2010,181.0,6,73
147221,1952,2019,177.0,6,72
147222,1952,2019,235.0,6,72
147224,1951,2010,197.0,5,73
147225,1951,2010,198.0,5,73
147226,1951,2009,175.0,6,73
147227,1951,2009,174.0,6,73
147228,1951,2009,175.0,6,73
147229,1951,2009,173.0,6,73
147230,1951,2009,176.0,6,73
147231,1951,2010,176.0,6,73
147232,1951,2010,175.0,6,73
147233,1951,2010,178.0,6,73
147234,1951,2010,175.0,6,73
147235,1951,2010,176.0,6,73
147236,1951,2010,176.0,5,73
147285,1971,2021,377.0,7,53
147411,1947,2016,155.0,5,77
147412,1947,2016,180.0,5,77
147414,1947,2016,155.0,5,77
147415,1947,2016,181.0,5,77
147422,1947,2016,158.0,5,77
147423,1947,2016,155.0,5,77
147424,1947,2016,180.0,5,77
147425,1947,2016,158.0,5,77
147426,1947,2016,155.0,5,77
147427,1947,2016,180.0,5,77
147429,1947,2016,158.0,5,77
147860,1896,2013,150.0,7,128
147889,1927,2022,173.0,7,97
147890,1927,2022,177.0,7,97
147891,1927,2022,178.0,7,97
147892,1927,2022,179.0,7,97
147905,1931,2008,235.0,7,93
147906,1930,2008,238.0,7,94
147922,1930,2021,241.0,8,94
148135,1925,2017,181.0,7,99
148139,1925,2017,81.0,6,99
148140,1925,2017,149.0,6,99
148143,1925,2017,96.0,6,99
148144,1925,2017,170.0,6,99
148158,1877,2005,77.0,5,147
148255,1930,2014,180.0,7,94
148276,1931,2015,172.0,7,93
148277,1930,2015,200.0,7,94
148296,1890,2011,132.0,6,134
148365,1890,2014,106.0,5,134
148366,1890,2014,104.0,6,134
148367,1890,2014,106.0,5,134
148383,1885,2004,141.0,6,139
148386,1881,2004,134.0,6,143
148405,1889,2012,141.0,6,135
148521,1877,2016,175.0,6,147
148745,1975,2011,186.0,5,49
148805,1931,2012,189.0,6,93
148806,1931,2012,170.0,6,93
148807,1931,2012,171.0,6,93
148808,1931,2012,121.0,6,93
148816,1931,2012,185.0,6,93
148828,1931,2012,169.0,7,93
148829,1931,2012,155.0,6,93
149350,1866,2005,102.0,4,158
149441,1933,2021,170.0,6,91
149442,1933,2021,201.0,6,91
149443,1933,2021,172.0,6,91
149444,1933,2021,205.0,6,91
149445,1933,2021,205.0,6,91
149446,1933,2021,206.0,6,91
149447,1933,2021,185.0,6,91
149449,1931,2021,168.0,6,93
149451,1931,2021,204.0,6,93
149453,1932,2021,205.0,6,92
149454,1932,2021,170.0,6,92
149455,1932,2021,170.0,6,92
149456,1932,2021,181.0,6,92
149457,1931,2021,183.0,7,93
149458,1931,2021,201.0,6,93
149459,1931,2021,168.0,6,93
149460,1931,2021,199.0,7,93
149462,1931,2021,205.0,7,93
149463,1931,2021,181.0,7,93
149505,1934,2014,172.0,6,90
149587,1964,2022,170.0,6,60
149588,1964,2022,195.0,6,60
149589,1964,2022,196.0,6,60
149590,1964,2022,166.0,6,60
149932,1931,2015,155.0,8,93
149997,1878,2006,106.0,6,146
150211,1889,2006,78.0,4,135
150213,1889,2021,78.0,4,135
150285,1943,2013,68.0,6,81
150357,1878,2009,137.0,7,146
150561,1863,2017,85.0,5,161
150657,1942,2013,133.0,4,82
150973,1914,2003,95.0,6,110
151003,1945,2022,218.0,5,79
151005,1948,2020,69.0,1,76
151006,1948,2020,165.0,5,76
151007,1948,2020,149.0,5,76
151008,1948,2020,165.0,5,76
151009,1948,2020,149.0,5,76
151010,1948,2020,166.0,5,76
151017,1948,2020,148.0,5,76
151018,1948,2020,98.0,5,76
151019,1947,2020,150.0,5,77
151020,1947,2020,150.0,5,77
151021,1947,2020,151.0,4,77
151022,1947,2020,150.0,5,77
151023,1947,2020,149.0,5,77
151024,1947,2020,151.0,4,77
151025,1946,2020,151.0,5,78
151026,1946,2020,149.0,4,78
151027,1946,2020,149.0,4,78
151067,1948,2016,170.0,5,76
151068,1948,2016,165.0,5,76
151069,1948,2016,171.0,5,76
151070,1948,2016,165.0,5,76
151071,1950,2016,172.0,5,74
151072,1950,2016,172.0,5,74
151073,1950,2016,107.0,5,74
151074,1950,2016,172.0,5,74
151075,1945,2011,165.0,5,79
151076,1945,2011,149.0,5,79
151077,1945,2011,152.0,5,79
151078,1945,2011,166.0,5,79
151083,1945,2011,150.0,5,79
151084,1945,2011,151.0,5,79
151100,1950,2016,141.0,5,74
151101,1950,2016,107.0,5,74
151102,1950,2016,106.0,5,74
151103,1950,2016,172.0,5,74
151104,1945,2011,151.0,5,79
151105,1945,2011,151.0,5,79
151106,1945,2011,99.0,5,79
151107,1945,2011,148.0,5,79
151108,1945,2011,149.0,5,79
151109,1945,2011,150.0,5,79
151110,1945,2011,150.0,5,79
151111,1945,2011,100.0,5,79
151112,1945,2011,149.0,5,79
151113,1945,2011,149.0,5,79
151116,1945,2007,154.0,5,79
151124,1945,2007,100.0,5,79
151125,1948,2017,242.0,4,76
151126,1948,2017,99.0,4,76
151137,1957,2021,250.0,5,67
151160,1950,2018,173.0,5,74
151161,1950,2018,173.0,5,74
151162,1950,2018,179.0,5,74
151163,1950,2018,164.0,5,74
151174,1895,2024,95.0,4,129
151181,1942,2022,199.0,5,82
151182,1812,2022,200.0,5,212
151183,1942,2022,231.0,5,82
151184,1942,2022,231.0,5,82
151185,1942,2022,200.0,5,82
151186,1942,2022,161.0,5,82
151191,1941,2022,194.0,5,83
151192,1941,2022,194.0,5,83
151193,1947,2012,197.0,5,77
151194,1947,2012,197.0,5,77
151195,1947,2012,198.0,5,77
151199,1948,2012,199.0,5,76
151200,1947,2012,196.0,5,77
151214,1931,2005,109.0,5,93
151215,1931,2005,110.0,5,93
151218,1931,2005,109.0,5,93
151219,1931,2005,109.0,5,93
151220,1931,2005,109.0,5,93
151221,1931,2005,107.0,5,93
151222,1931,2005,109.0,5,93
151223,1931,2005,109.0,5,93
151224,1931,2005,107.0,5,93
151225,1931,2005,109.0,5,93
151226,1931,2005,110.0,5,93
151227,1931,2005,109.0,5,93
151231,1931,2005,110.0,5,93
151232,1931,2005,110.0,5,93
151233,1931,2005,110.0,5,93
151234,1931,2005,108.0,5,93
151235,1931,2005,110.0,5,93
151279,1930,2017,178.0,5,94
151280,1930,2017,178.0,5,94
151287,1917,2012,95.0,4,107
151313,1953,2004,199.0,4,71
151319,1946,2008,219.0,5,78
151320,1946,2008,219.0,5,78
151321,1946,2008,220.0,5,78
151322,1946,2008,220.0,5,78
151324,1956,2022,210.0,5,68
151334,1931,2020,179.0,5,93
151335,1911,2008,141.0,4,113
151339,1913,2020,63.0,4,111
151341,1914,2019,63.0,4,110
151351,1944,2019,225.0,5,80
151352,1944,2019,159.0,5,80
151353,1944,2019,157.0,5,80
151354,1944,2019,195.0,4,80
151355,1968,2019,212.0,3,56
151356,1944,2019,191.0,5,80
151357,1944,2019,159.0,5,80
151358,1944,2019,191.0,5,80
151361,1947,2017,197.0,5,77
151362,1947,2017,168.0,5,77
151363,1948,2019,244.0,5,76
151364,1947,2017,178.0,5,77
151367,1948,2019,244.0,5,76
151369,1948,2019,244.0,5,76
151370,1947,2017,178.0,5,77
151371,1947,2017,167.0,5,77
151372,1947,2017,197.0,5,77
151373,1945,2017,192.0,5,79
151374,1945,2017,159.0,5,79
151375,1945,2017,190.0,5,79
151376,1945,2017,192.0,5,79
151377,1945,2017,159.0,5,79
151378,1945,2017,190.0,5,79
151379,1944,2017,192.0,5,80
151382,1950,2023,229.0,5,74
151383,1950,2023,197.0,5,74
151384,1950,2023,192.0,5,74
151385,1950,2023,168.0,5,74
151386,1950,2023,167.0,5,74
151387,1950,2023,176.0,5,74
151389,1945,2017,222.0,5,79
151390,1945,2017,159.0,5,79
151391,1944,2017,221.0,5,80
151471,1943,2015,162.0,5,81
151472,1943,2015,160.0,5,81
151474,1934,2015,138.0,5,90
151475,1934,2015,136.0,5,90
151476,1934,2015,138.0,5,90
151477,1943,2015,146.0,5,81
151478,1943,2015,145.0,5,81
151479,1942,2015,146.0,5,82
151480,1943,2015,146.0,5,81
151481,1943,2015,145.0,5,81
151482,1943,2015,146.0,5,81
151493,1933,2022,251.0,4,91
151510,1934,2015,222.0,5,90
151511,1943,2015,192.0,5,81
151513,1934,2022,174.0,4,90
151514,1934,2022,175.0,5,90
151523,1934,2015,186.0,5,90
151524,1934,2015,190.0,5,90
151565,1934,2022,174.0,5,90
151566,1934,2022,174.0,5,90
151567,1934,2022,175.0,5,90
151569,1934,2022,175.0,5,90
151571,1933,2022,251.0,5,91
151672,1931,2014,246.0,5,93
151695,1931,2014,59.0,4,93
151696,1931,2014,62.0,4,93
151697,1931,2014,59.0,4,93
151698,1931,2014,61.0,4,93
151726,1923,2022,86.0,4,101
151727,1923,2022,85.0,4,101
152055,1934,2023,155.0,4,90
152076,1929,2019,200.0,6,95
152101,1929,2010,142.0,5,95
152105,1929,2019,198.0,6,95
152107,1929,2019,199.0,6,95
152109,1929,2019,198.0,6,95
152166,1910,2018,175.0,7,114
152167,1910,2018,177.0,7,114
152680,1910,2012,209.0,7,114
152819,1862,2009,232.0,6,162
152820,1862,2009,233.0,6,162
153059,1844,2008,75.0,4,180
153075,1948,2022,160.0,5,76
153076,1948,2022,161.0,5,76
153097,1921,2014,121.0,4,103
153100,1968,2006,111.0,3,56
153107,1928,2022,158.0,3,96
153174,1933,2023,244.0,6,91
153176,1931,2016,294.0,5,93
153390,1924,2023,132.0,5,100
153403,1919,2023,88.0,5,105
153464,1926,2016,218.0,5,98
153561,1937,2020,205.0,6,87
153681,1941,2023,241.0,6,83
153777,1930,2009,115.0,4,94
153951,1927,2010,214.0,5,97
153968,1949,2013,220.0,5,75
153994,1952,2010,249.0,4,72
154123,1923,2020,158.0,5,101
154221,1923,2015,83.0,5,101
154281,1925,2015,89.0,4,99
154309,1912,2003,154.0,5,112
154334,1960,2016,248.0,6,64
154348,1925,2021,136.0,4,99
154356,1948,2023,176.0,4,76
154360,1928,2023,134.0,5,96
154382,1924,2012,87.0,5,100
154391,1957,2003,205.0,4,67
154405,1931,2009,154.0,3,93
154461,1904,2019,303.0,4,120
154466,1803,2013,86.0,4,221
154509,1950,2020,101.0,4,74
154544,1936,2017,115.0,4,88
154545,1936,2017,92.0,4,88
154556,1930,2010,136.0,5,94
154565,1952,2004,225.0,4,72
154566,1910,2015,229.0,5,114
154614,1950,2010,200.0,4,74
154615,1950,2010,200.0,4,74
154654,1925,2012,199.0,4,99
154716,1950,2020,169.0,4,74
154723,1942,2014,138.0,4,82
154724,1927,2013,160.0,4,97
154729,1978,2009,235.0,4,46
154750,1939,2015,143.0,5,85
154762,1952,2013,270.0,5,72
154769,1951,2003,253.0,5,73
154771,1951,2003,217.0,5,73
154772,1951,2003,217.0,5,73
154778,1939,2016,211.0,5,85
154786,1929,2014,192.0,5,95
154787,1929,2014,193.0,5,95
154788,1929,2014,190.0,5,95
154789,1929,2014,191.0,5,95
154790,1929,2014,191.0,5,95
154808,1928,2023,179.0,5,96
154814,1934,2016,133.0,4,90
154821,1939,2011,165.0,5,85
154860,1939,2011,206.0,4,85
154881,1929,2016,193.0,5,95
154882,1929,2016,192.0,5,95
154883,1929,2016,192.0,5,95
154884,1929,2016,193.0,5,95
154896,1962,2023,141.0,5,62
154897,1961,2023,140.0,4,63
154905,1929,2016,195.0,5,95
154906,1929,2016,192.0,5,95
154907,1929,2016,192.0,5,95
154908,1929,2014,191.0,4,95
154909,1929,2016,193.0,5,95
154910,1929,2016,191.0,5,95
154911,1929,2016,192.0,5,95
154912,1929,2016,193.0,5,95
154913,1929,2016,190.0,5,95
154914,1929,2016,113.0,5,95
154948,1907,2016,134.0,5,117
154984,1934,2022,177.0,5,90
155001,1959,2023,88.0,4,65
155015,1937,2009,146.0,4,87
155019,1925,2004,186.0,5,99
155132,1926,2003,186.0,5,98
155154,1976,2023,338.0,5,48
155155,1928,2010,140.0,5,96
155169,1929,2019,168.0,5,95
155191,1892,2008,176.0,6,132
155298,1935,2022,58.0,4,89
155325,1922,2008,65.0,5,102
155326,1922,2008,98.0,4,102
155344,1924,2004,104.0,4,100
155370,1945,2022,204.0,5,79
155373,1945,2012,86.0,4,79
155391,1951,2009,74.0,4,73
155392,1951,2009,78.0,4,73
155422,1912,2010,114.0,5,112
155439,1930,2013,268.0,4,94
155457,1951,2017,150.0,4,73
155496,1866,2005,115.0,5,158
155556,1946,2005,118.0,4,78
155566,1935,2009,93.0,4,89
155581,1927,2020,144.0,5,97
155622,1904,2007,275.0,5,120
155634,1912,2004,92.0,3,112
155650,1896,2003,207.0,4,128
155700,1931,2020,333.0,4,93
155702,1940,2018,195.0,5,84
155703,1954,2014,199.0,4,70
155927,1938,2014,209.0,6,86
155935,1862,2011,289.0,6,162
156121,1833,2007,117.0,4,191
156425,1896,2005,108.0,5,128
156552,1885,2023,156.0,5,139
156614,1912,2003,80.0,7,112
156670,1925,2021,163.0,3,99
156690,1943,2012,195.0,5,81
156710,1943,2012,196.0,5,81
156712,1928,2023,198.0,5,96
156747,1878,2003,168.0,2,146
156801,1943,2012,164.0,5,81
156802,1943,2012,234.0,5,81
156803,1943,2012,235.0,5,81
156842,1877,2021,63.0,5,147
156865,1933,2020,287.0,3,91
156886,1912,2024,153.0,5,112
156909,1929,2017,148.0,5,95
156934,1946,2009,136.0,4,78
156973,1943,2015,166.0,5,81
156974,1943,2015,186.0,5,81
156979,1939,2019,279.0,5,85
156984,1943,2015,212.0,5,81
157034,1927,2009,234.0,5,97
157349,1930,2021,176.0,6,94
157350,1930,2021,175.0,6,94
157351,1930,2021,174.0,6,94
157352,1930,2021,173.0,6,94
157363,1893,2009,209.0,5,131
157395,1930,2021,175.0,6,94
157490,1911,2023,157.0,5,113
157494,1945,2020,183.0,6,79
157495,1945,2020,300.0,6,79
157501,1955,2012,164.0,4,69
157502,1955,2012,204.0,4,69
157503,1955,2012,205.0,4,69
157562,1927,2010,79.0,5,97
157574,1927,2010,119.0,5,97
157579,1965,2022,195.0,4,59
157580,1965,2022,193.0,4,59
157581,1965,2022,329.0,4,59
157590,1966,2022,268.0,4,58
157591,1966,2022,267.0,4,58
157592,1965,2022,232.0,4,59
157593,1965,2022,230.0,4,59
157594,1965,2022,329.0,4,59
157676,1960,2021,246.0,6,64
157683,1956,2013,246.0,5,68
157684,1956,2013,244.0,5,68
157694,1937,2023,113.0,4,87
157698,1945,2012,99.0,4,79
157769,1967,2012,138.0,3,57
157776,1934,2022,101.0,5,90
157777,1933,2022,107.0,4,91
157812,1952,2012,150.0,4,72
157813,1952,2012,214.0,4,72
157814,1952,2012,246.0,4,72
157815,1952,2012,245.0,4,72
157875,1954,2010,196.0,4,70
158012,1956,2019,163.0,4,68
158014,1930,2022,93.0,4,94
158016,1951,2020,132.0,4,73
158024,1939,2011,128.0,4,85
158028,1940,2013,149.0,3,84
158033,1937,2021,136.0,3,87
158035,1937,2004,184.0,4,87
158037,1938,2017,95.0,4,86
158039,1938,2008,125.0,4,86
158046,1965,2023,112.0,3,59
158047,1937,2015,131.0,4,87
158063,1928,2020,87.0,4,96
158119,1924,2023,79.0,4,100
158126,1926,2012,128.0,5,98
158172,1937,2022,123.0,4,87
158174,1948,2010,125.0,4,76
158177,1952,2013,196.0,4,72
158178,1954,2022,152.0,4,70
158179,1936,2006,80.0,4,88
158195,1948,2022,122.0,4,76
158196,1948,2021,113.0,4,76
158206,1951,2008,116.0,4,73
158209,1950,2018,109.0,4,74
158210,1940,2008,123.0,4,84
158236,1948,2011,93.0,4,76
158243,1947,2018,126.0,4,77
158246,1951,2005,176.0,3,73
158248,1945,2005,104.0,3,79
158253,1939,2016,126.0,4,85
158259,1951,2008,181.0,4,73
158275,1929,2018,205.0,4,95
158323,1952,2021,84.0,3,72
158388,1954,2016,116.0,3,70
158407,1932,2017,62.0,4,92
158433,1931,2013,56.0,4,93
158434,1931,2013,60.0,4,93
158436,1934,2013,115.0,5,90
158443,1961,2012,209.0,5,63
158444,1961,2012,206.0,5,63
158445,1961,2012,189.0,4,63
158446,1962,2012,207.0,4,62
158447,1962,2012,205.0,4,62
158448,1962,2012,189.0,4,62
158449,1962,2018,208.0,4,62
158450,1962,2018,206.0,4,62
158451,1962,2018,188.0,4,62
158507,1964,2015,140.0,4,60
158508,1964,2015,197.0,4,60
158513,1934,2016,93.0,4,90
158522,1965,2020,113.0,4,59
158545,1965,2020,76.0,4,59
158596,1951,2021,115.0,4,73
158599,1983,2017,231.0,5,41
158600,1983,2017,226.0,5,41
158601,1983,2017,224.0,5,41
158602,1983,2017,229.0,5,41
158603,1983,2017,225.0,5,41
158780,1883,2023,136.0,4,141
158800,1891,2011,149.0,6,133
158860,1890,2008,196.0,6,134
158872,1860,2010,393.0,8,164
158935,1954,2006,206.0,8,70
158936,1886,2008,174.0,5,138
158999,1876,2008,137.0,4,148
159002,1876,2010,111.0,4,148
159020,1888,2015,127.0,4,136
159025,1903,2009,108.0,3,121
159026,1903,2009,107.0,3,121
159032,1876,2018,132.0,5,148
159098,1916,2009,211.0,7,108
159104,1916,2009,106.0,7,108
159211,1893,2008,63.0,4,131
159262,1834,2012,70.0,4,190
159263,1949,2021,221.0,5,75
159264,1949,2021,193.0,5,75
159279,1940,2016,283.0,8,84
159403,1895,2015,158.0,5,129
159504,1865,2010,58.0,4,159
159541,1872,2009,162.0,5,152
159596,1878,2008,110.0,5,146
159634,1961,2016,447.0,7,63
159647,1952,2021,354.0,5,72
159665,1952,2016,309.0,5,72
159827,1874,2023,72.0,5,150
159828,1874,2023,139.0,5,150
159921,1955,2023,132.0,5,69
159927,1953,2017,559.0,4,71
159957,1929,2023,180.0,5,95
159971,1917,2017,217.0,5,107
160014,1954,2023,152.0,5,70
160040,1949,2014,187.0,4,75
160041,1949,2014,169.0,4,75
160042,1949,2014,205.0,5,75
160043,1949,2014,181.0,5,75
160047,1800,2004,374.0,5,224
160048,1949,2018,212.0,5,75
160054,1921,2018,171.0,5,103
160088,1962,2006,111.0,4,62
160103,1952,2016,220.0,4,72
160120,1946,2008,138.0,4,78
160121,1939,2012,107.0,3,85
160123,1939,2021,109.0,3,85
160124,1940,2021,108.0,3,84
160136,1933,2004,161.0,5,91
160137,1933,2004,161.0,5,91
160138,1932,2011,219.0,6,92
160146,1912,2020,108.0,5,112
160147,1912,2020,108.0,5,112
160151,1928,2018,110.0,5,96
160159,1933,2004,175.0,5,91
160160,1933,2004,175.0,5,91
160178,1953,2010,256.0,5,71
160183,1895,2018,118.0,6,129
160184,1895,2019,114.0,6,129
160186,1923,2019,127.0,6,101
160201,1878,2023,89.0,6,146
160233,1949,2015,180.0,5,75
160234,1949,2015,181.0,5,75
160237,1947,2022,181.0,5,77
160238,1947,2023,161.0,5,77
160241,1949,2017,185.0,5,75
160242,1949,2017,186.0,4,75
160243,1949,2022,94.0,4,75
160244,1949,2011,124.0,3,75
160245,1949,2011,103.0,4,75
160338,1939,2010,92.0,3,85
160365,1933,2012,93.0,3,91
160378,1934,2011,92.0,3,90
160382,1934,2022,93.0,3,90
160383,1933,2017,92.0,3,91
160385,1934,2014,92.0,3,90
160387,1934,2016,92.0,3,90
160421,1895,2010,117.0,3,129
160429,1937,2017,93.0,3,87
160433,1933,2014,91.0,3,91
160463,1946,2013,88.0,4,78
160465,1946,2013,88.0,4,78
160473,1944,2024,90.0,4,80
160519,1947,2018,63.0,4,77
160550,1933,2023,111.0,3,91
160587,1900,2007,87.0,4,124
160590,1936,2022,118.0,4,88
160613,1945,2008,165.0,5,79
160614,1945,2008,165.0,5,79
160615,1945,2008,165.0,5,79
160617,1945,2008,165.0,5,79
160618,1945,2008,165.0,5,79
160619,1945,2008,165.0,5,79
160620,1945,2008,165.0,5,79
160621,1945,2008,164.0,5,79
160622,1945,2008,164.0,5,79
160623,1945,2008,165.0,5,79
160624,1945,2008,163.0,5,79
160625,1945,2008,165.0,5,79
160626,1945,2008,110.0,5,79
160627,1945,2008,108.0,5,79
160628,1945,2008,109.0,5,79
160629,1945,2008,111.0,5,79
160630,1945,2008,163.0,5,79
160631,1945,2008,162.0,5,79
160632,1945,2008,165.0,5,79
160633,1945,2008,164.0,5,79
160634,1945,2008,163.0,5,79
160635,1945,2008,164.0,5,79
160636,1945,2008,150.0,5,79
160637,1945,2008,149.0,5,79
160638,1945,2008,149.0,5,79
160639,1945,2008,149.0,5,79
160735,1873,2021,181.0,5,151
160739,1967,2019,118.0,5,57
160740,1874,2019,112.0,4,150
160762,1905,2011,71.0,4,119
160785,1933,2017,92.0,4,91
160821,1934,2008,93.0,3,90
160841,1938,2014,110.0,3,86
160846,1938,2019,109.0,3,86
160847,1938,2019,110.0,3,86
160854,1938,2019,146.0,3,86
160913,1951,2006,207.0,5,73
160914,1951,2006,206.0,5,73
160915,1951,2006,207.0,5,73
160916,1951,2006,253.0,5,73
160934,1896,2010,95.0,6,128
160943,1941,2019,88.0,3,83
160976,1970,2019,131.0,2,54
160990,1926,2017,133.0,5,98
160994,1961,2016,390.0,4,63
161002,1928,2021,148.0,5,96
161008,1909,2021,90.0,5,115
161048,1974,2018,818.0,4,50
161049,1950,2018,152.0,5,74
161050,1950,2018,141.0,5,74
161051,1950,2018,153.0,6,74
161052,1950,2018,141.0,6,74
161053,1951,2008,157.0,7,73
161054,1951,2008,172.0,5,73
161055,1951,2008,173.0,5,73
161056,1951,2008,156.0,7,73
161057,1951,2008,173.0,5,73
161058,1951,2008,173.0,5,73
161059,1950,2008,155.0,7,74
161060,1950,2008,156.0,7,74
161061,1951,2010,155.0,7,73
161062,1951,2010,155.0,7,73
161063,1951,2010,157.0,7,73
161064,1951,2010,171.0,5,73
161065,1951,2010,174.0,5,73
161082,1951,2010,143.0,6,73
161083,1951,2010,170.0,6,73
161084,1951,2010,174.0,5,73
161085,1951,2010,164.0,5,73
161103,1941,2020,160.0,5,83
161105,1956,2021,370.0,5,68
161125,1934,2007,129.0,4,90
161126,1934,2007,131.0,4,90
161129,1937,2018,158.0,5,87
161130,1937,2018,157.0,5,87
161131,1934,2008,132.0,4,90
161132,1934,2008,130.0,4,90
161135,1965,2021,317.0,6,59
161168,1904,2013,91.0,4,120
161169,1954,2014,149.0,5,70
161170,1954,2014,149.0,5,70
161177,1949,2015,180.0,5,75
161178,1949,2015,181.0,5,75
161179,1949,2015,179.0,5,75
161180,1949,2015,181.0,5,75
161181,1949,2015,168.0,5,75
161182,1949,2015,169.0,5,75
161183,1949,2015,169.0,5,75
161184,1949,2015,169.0,5,75
161185,1954,2014,149.0,5,70
161187,1954,2014,150.0,5,70
161188,1954,2014,187.0,5,70
161189,1954,2014,185.0,5,70
161190,1954,2014,187.0,5,70
161191,1955,2016,152.0,5,69
161192,1955,2016,152.0,5,69
161193,1954,2014,190.0,5,70
161194,1938,2020,198.0,5,86
161207,1954,2014,188.0,5,70
161261,1956,2016,226.0,5,68
161262,1956,2016,120.0,5,68
161320,1953,2008,150.0,5,71
161321,1953,2008,152.0,5,71
161326,1950,2016,168.0,5,74
161327,1950,2016,155.0,5,74
161330,1928,2015,127.0,5,96
161343,1951,2022,103.0,5,73
161344,1958,2020,170.0,4,66
161345,1950,2020,167.0,5,74
161346,1950,2020,157.0,5,74
161347,1958,2020,171.0,5,66
161356,1936,2017,75.0,3,88
161374,1922,2020,43.0,4,102
161378,1935,2011,140.0,4,89
161402,1926,2013,61.0,4,98
161409,1951,2015,157.0,5,73
161410,1951,2015,158.0,5,73
161411,1959,2015,234.0,4,65
161496,1933,2020,85.0,4,91
161498,1933,2008,113.0,4,91
161504,1935,2023,100.0,5,89
161546,1936,2024,74.0,4,88
161576,1938,2016,196.0,5,86
161605,1940,2022,208.0,5,84
161615,1927,2006,96.0,4,97
161617,1927,2023,90.0,4,97
161619,1927,2023,89.0,4,97
161645,1904,2003,91.0,4,120
161667,1934,2013,151.0,5,90
161668,1934,2013,151.0,5,90
161683,1989,2017,167.0,5,35
161684,1989,2017,167.0,5,35
161687,1930,2011,166.0,5,94
161689,1930,2011,165.0,5,94
161690,1930,2011,161.0,5,94
161691,1930,2011,166.0,5,94
161695,1932,2011,176.0,5,92
161697,1932,2011,161.0,5,92
161701,1927,2023,138.0,5,97
161714,1934,2011,137.0,5,90
161715,1934,2011,184.0,5,90
161854,1960,2021,171.0,6,64
161855,1960,2021,171.0,5,64
161863,1944,2023,171.0,6,80
161864,1944,2023,170.0,6,80
161877,1977,2021,216.0,10,47
161878,1977,2021,223.0,11,47
161879,1977,2021,229.0,12,47
161880,1977,2021,218.0,12,47
161881,1977,2021,216.0,9,47
161882,1977,2021,295.0,7,47
161884,1976,2021,315.0,4,48
161885,1976,2022,633.0,4,48
161887,1976,2022,437.0,4,48
161888,1977,2021,400.0,4,47
161889,1976,2021,134.0,5,48
161890,1976,2021,285.0,7,48
161924,1952,2023,154.0,5,72
161925,1952,2023,152.0,5,72
161926,1952,2023,170.0,5,72
161932,1952,2023,177.0,5,72
161933,1952,2023,155.0,5,72
161940,1952,2023,153.0,5,72
161941,1952,2023,152.0,5,72
161942,1952,2023,154.0,5,72
161943,1952,2023,176.0,5,72
161944,1952,2023,173.0,5,72
161945,1952,2023,175.0,5,72
161946,1952,2023,143.0,5,72
161947,1952,2023,141.0,5,72
161948,1952,2023,144.0,6,72
161949,1952,2023,176.0,5,72
161950,1952,2023,176.0,5,72
161961,1941,2019,94.0,3,83
161963,1942,2021,93.0,3,82
161965,1942,2021,94.0,3,82
161966,1942,2013,108.0,4,82
162051,1923,2017,159.0,4,101
162102,1928,2010,73.0,4,96
162109,1928,2014,75.0,4,96
162121,1947,2021,51.0,4,77
162122,1947,2021,50.0,4,77
162123,1921,2005,51.0,3,103
162189,1939,2013,55.0,4,85
162190,1939,2021,55.0,4,85
162202,1939,2022,80.0,4,85
162212,1926,2011,72.0,4,98
162217,1950,2009,186.0,5,74
162218,1950,2009,211.0,5,74
162224,1925,2014,69.0,4,99
162226,1958,2007,494.0,6,66
162229,1950,2009,168.0,5,74
162230,1950,2007,167.0,5,74
162231,1950,2009,212.0,5,74
162232,1950,2007,165.0,5,74
162234,1948,2014,195.0,5,76
162235,1948,2014,159.0,5,76
162236,1948,2014,158.0,5,76
162237,1948,2014,160.0,5,76
162238,1948,2014,158.0,5,76
162239,1948,2014,160.0,5,76
162240,1948,2014,159.0,5,76
162241,1948,2017,158.0,5,76
162242,1948,2017,160.0,5,76
162243,1954,2017,146.0,5,70
162244,1954,2017,195.0,5,70
162245,1948,2017,199.0,5,76
162246,1948,2017,195.0,5,76
162247,1954,2017,195.0,5,70
162248,1954,2017,197.0,5,70
162249,1948,2017,159.0,5,76
162250,1948,2017,157.0,5,76
162251,1954,2017,153.0,5,70
162252,1954,2017,196.0,5,70
162253,1948,2014,160.0,5,76
162257,1948,2015,160.0,5,76
162260,1948,2017,159.0,5,76
162261,1948,2017,158.0,5,76
162263,1954,2017,196.0,5,70
162272,1922,2011,64.0,4,102
162281,1930,2020,117.0,4,94
162287,1954,2016,183.0,5,70
162288,1954,2016,182.0,5,70
162297,1966,2022,307.0,5,58
162308,1910,2022,85.0,4,114
162323,1920,2011,63.0,4,104
162352,1952,2009,55.0,4,72
162353,1952,2009,52.0,4,72
162354,1952,2009,53.0,4,72
162355,1952,2009,54.0,4,72
162363,1953,2019,193.0,5,71
162365,1953,2019,163.0,3,71
162370,1959,2018,285.0,4,65
162371,1959,2018,367.0,4,65
162375,1953,2019,205.0,4,71
162413,1962,2015,136.0,4,62
162414,1914,2015,105.0,4,110
162415,1914,2020,104.0,4,110
162419,1925,2011,120.0,4,99
162429,1926,2021,87.0,4,98
162431,1926,2021,115.0,4,98
162432,1928,2011,109.0,5,96
162433,1961,2023,154.0,5,63
162438,1951,2021,166.0,5,73
162439,1930,2022,85.0,4,94
162441,1930,2005,109.0,5,94
162444,1943,2020,55.0,2,81
162449,1931,2022,88.0,4,93
162450,1931,2022,90.0,3,93
162453,1931,2018,83.0,4,93
162454,1930,2023,67.0,3,94
162455,1931,2019,66.0,3,93
162456,1930,2023,71.0,4,94
162457,1930,2023,66.0,3,94
162460,1953,2023,179.0,3,71
162466,1949,2012,175.0,3,75
162468,1949,2012,176.0,3,75
162469,1949,2012,174.0,3,75
162470,1949,2012,174.0,3,75
162474,1949,2012,173.0,3,75
162476,1949,2012,175.0,3,75
162478,1949,2012,176.0,3,75
162480,1949,2012,175.0,3,75
162486,1950,2012,179.0,4,74
162487,1950,2012,183.0,4,74
162491,1912,2023,70.0,4,112
162499,1951,2020,128.0,2,73
162511,1911,2018,78.0,4,113
162549,1950,2006,151.0,4,74
162580,1929,2006,122.0,5,95
162608,1952,2003,158.0,4,72
162609,1922,2004,67.0,4,102
162610,1929,2017,143.0,5,95
162616,1951,2023,158.0,5,73
162617,1951,2023,167.0,5,73
162629,1950,2023,186.0,3,74
162630,1950,2023,166.0,5,74
162632,1950,2021,184.0,4,74
162633,1950,2021,165.0,5,74
162634,1950,2021,194.0,5,74
162635,1950,2021,184.0,4,74
162636,1950,2021,166.0,5,74
162645,1968,2016,284.0,6,56
162677,1947,2009,77.0,4,77
162691,1930,2017,89.0,5,94
162712,1934,2019,90.0,3,90
162718,1937,2020,80.0,4,87
162721,1934,2014,81.0,5,90
162729,1931,2011,88.0,5,93
162744,1943,2022,46.0,4,81
162750,1943,2019,55.0,4,81
162810,1950,2021,167.0,4,74
162811,1949,2022,238.0,3,75
162812,1950,2021,164.0,4,74
162814,1950,2021,162.0,4,74
162815,1950,2021,161.0,5,74
162817,1950,2021,166.0,4,74
162821,1943,2024,106.0,3,81
162823,1943,2021,110.0,3,81
162828,1927,2017,136.0,4,97
162832,1927,2022,104.0,5,97
162837,1929,2021,96.0,5,95
162839,1928,2022,70.0,4,96
162863,1930,2006,94.0,5,94
162888,1950,2022,208.0,5,74
162889,1950,2022,263.0,5,74
162913,1902,2014,182.0,5,122
162926,1946,2008,186.0,5,78
162927,1946,2008,161.0,5,78
162928,1946,2008,158.0,5,78
162936,1946,2008,159.0,5,78
162937,1946,2008,147.0,5,78
162938,1946,2008,158.0,5,78
162939,1946,2008,161.0,5,78
162940,1946,2008,159.0,5,78
162941,1946,2008,161.0,5,78
162942,1946,2008,147.0,5,78
162943,1946,2008,158.0,5,78
162944,1946,2008,159.0,5,78
162945,1946,2008,147.0,5,78
162951,1907,2022,148.0,5,117
162954,1865,2005,137.0,5,159
162955,1948,2012,197.0,5,76
162960,1942,2021,161.0,5,82
162970,1942,2021,161.0,5,82
162973,1908,2015,143.0,5,116
162987,1872,2004,232.0,5,152
162991,1955,2009,231.0,5,69
162997,1894,2021,143.0,5,130
162998,1928,2003,133.0,5,96
163020,1929,2022,216.0,6,95
163048,1930,2015,177.0,6,94
163049,1930,2015,177.0,5,94
163063,1911,2022,118.0,5,113
163069,1891,2023,90.0,5,133
163109,1929,2021,154.0,5,95
163138,1929,2003,121.0,5,95
163140,1929,2023,111.0,5,95
163247,1959,2004,163.0,6,65
163248,1959,2004,146.0,6,65
163249,1959,2004,134.0,6,65
163250,1959,2004,233.0,4,65
163251,1959,2004,146.0,6,65
163252,1959,2004,133.0,6,65
163253,1959,2004,149.0,6,65
163254,1959,2004,275.0,5,65
163255,1959,2004,163.0,6,65
163256,1959,2004,143.0,6,65
163257,1959,2004,136.0,6,65
163258,1959,2004,134.0,4,65
163259,1959,2004,143.0,4,65
163260,1959,2004,149.0,6,65
163262,1959,2004,134.0,6,65
163263,1959,2004,147.0,6,65
163264,1959,2004,215.0,4,65
163265,1959,2004,143.0,6,65
163266,1959,2004,134.0,6,65
163267,1959,2004,145.0,4,65
163268,1959,2004,135.0,4,65
163269,1959,2004,167.0,6,65
163270,1959,2004,145.0,6,65
163271,1959,2004,135.0,6,65
163272,1959,2004,277.0,4,65
163273,1959,2004,164.0,6,65
163317,1937,2020,89.0,3,87
163318,1938,2013,106.0,3,86
163372,1929,2016,176.0,5,95
163373,1929,2016,110.0,5,95
163388,1929,2010,127.0,5,95
163391,1913,2010,114.0,5,111
163434,1929,2018,113.0,5,95
163435,1930,2018,153.0,5,94
163436,1930,2018,151.0,5,94
163437,1929,2018,175.0,5,95
163438,1966,2017,75.0,4,58
163439,1930,2017,151.0,5,94
163440,1930,2017,154.0,5,94
163441,1930,2016,164.0,5,94
163442,1930,2016,152.0,5,94
163444,1930,2016,128.0,5,94
163445,1930,2016,130.0,5,94
163446,1930,2017,128.0,5,94
163447,1930,2017,129.0,5,94
163449,1930,2016,156.0,5,94
163450,1930,2016,152.0,5,94
163454,1932,2008,159.0,4,92
163561,1948,2021,170.0,5,76
163562,1948,2021,169.0,5,76
163563,1948,2021,170.0,5,76
163564,1948,2021,194.0,5,76
163565,1948,2023,170.0,5,76
163566,1948,2023,193.0,5,76
163567,1948,2023,170.0,5,76
163589,1929,2021,146.0,4,95
163590,1930,2019,67.0,4,94
163601,1939,2016,231.0,5,85
163604,1939,2016,231.0,5,85
163633,1929,2018,94.0,4,95
163640,1930,2010,94.0,4,94
163648,1930,2023,94.0,4,94
163655,1925,2020,54.0,4,99
163661,1931,2016,176.0,6,93
163662,1930,2021,188.0,6,94
163663,1930,2021,187.0,6,94
163724,1949,2021,214.0,5,75
163739,1949,2021,215.0,5,75
163740,1975,2021,280.0,5,49
163741,1975,2021,219.0,5,49
163742,1975,2021,295.0,5,49
163743,1948,2021,178.0,5,76
163744,1948,2021,177.0,5,76
163745,1948,2021,243.0,6,76
163746,1948,2021,249.0,6,76
163791,1932,2009,184.0,6,92
163792,1932,2009,185.0,6,92
163810,1928,2009,108.0,5,96
163832,1928,2012,102.0,6,96
163899,1929,2008,56.0,4,95
163900,1929,2008,71.0,4,95
163982,1934,2018,183.0,5,90
163983,1934,2018,193.0,5,90
163984,1934,2018,193.0,5,90
163985,1934,2018,160.0,5,90
163986,1934,2018,160.0,5,90
163987,1950,2018,170.0,5,74
163988,1950,2018,171.0,5,74
163996,1950,2018,168.0,5,74
163997,1950,2018,166.0,5,74
163998,1950,2018,169.0,5,74
163999,1950,2018,174.0,5,74
164000,1932,2018,149.0,5,92
164001,1932,2018,150.0,5,92
164002,1932,2018,149.0,5,92
164003,1932,2018,149.0,5,92
164004,1932,2018,149.0,5,92
164005,1932,2018,149.0,5,92
164124,1909,2017,112.0,7,115
164125,1909,2017,112.0,7,115
164127,1908,2017,121.0,8,116
164129,1908,2017,180.0,8,116
164156,1931,2017,61.0,5,93
164157,1931,2017,60.0,5,93
164188,1943,2012,105.0,4,81
164195,1958,2024,194.0,5,66
164197,1958,2024,230.0,6,66
164206,1961,2013,201.0,4,63
164207,1961,2013,200.0,4,63
164208,1961,2013,203.0,4,63
164214,1951,2015,165.0,4,73
164215,1951,2015,164.0,4,73
164216,1951,2014,150.0,5,73
164217,1951,2014,164.0,4,73
164218,1951,2014,132.0,5,73
164219,1951,2014,165.0,4,73
164220,1951,2014,151.0,5,73
164221,1951,2014,163.0,4,73
164222,1951,2014,195.0,5,73
164223,1951,2014,165.0,4,73
164224,1951,2014,155.0,4,73
164225,1951,2014,196.0,4,73
164226,1951,2014,154.0,4,73
164227,1951,2015,152.0,5,73
164228,1951,2015,151.0,5,73
164229,1951,2014,152.0,5,73
164230,1951,2015,195.0,4,73
164231,1951,2015,196.0,4,73
164235,1949,2008,230.0,4,75
164255,1922,2005,83.0,4,102
164259,1952,2008,221.0,4,72
164260,1953,2009,205.0,5,71
164362,1935,2014,110.0,4,89
164363,1934,2019,104.0,4,90
164376,1949,2014,63.0,4,75
164377,1949,2014,63.0,4,75
164402,1947,2016,174.0,3,77
164411,1955,2015,153.0,5,69
164415,1953,2019,170.0,3,71
164416,1955,2018,184.0,4,69
164418,1950,2023,103.0,4,74
164430,1933,2021,83.0,4,91
164436,1935,2003,98.0,5,89
164437,1952,2003,90.0,4,72
164439,1934,2021,135.0,4,90
164443,1951,2020,191.0,5,73
164444,1937,2016,115.0,4,87
164451,1957,2012,196.0,5,67
164552,1954,2010,166.0,5,70
164553,1954,2010,167.0,5,70
164554,1954,2009,169.0,5,70
164595,1954,2018,131.0,4,70
164602,1954,2024,154.0,5,70
164603,1954,2024,156.0,5,70
164606,1954,2024,158.0,5,70
164608,1954,2024,156.0,5,70
164643,1953,2023,161.0,3,71
164680,1917,2016,116.0,5,107
164703,1913,2010,89.0,5,111
164719,1925,2010,88.0,5,99
164751,1950,2012,204.0,4,74
164752,1953,2013,214.0,4,71
164794,1907,2012,115.0,4,117
164795,1954,2007,186.0,5,70
164796,1954,2007,130.0,3,70
164810,1954,2007,184.0,5,70
164811,1954,2007,131.0,4,70
164812,1954,2007,186.0,5,70
164813,1954,2007,131.0,4,70
164817,1954,2007,132.0,4,70
164818,1954,2007,184.0,5,70
164823,1950,2010,84.0,4,74
164824,1950,2022,88.0,4,74
164939,1955,2022,173.0,4,69
164940,1955,2022,170.0,4,69
164941,1955,2022,210.0,5,69
164949,1939,2021,68.0,4,85
164959,1939,2021,121.0,4,85
164960,1939,2015,68.0,4,85
164963,1949,2007,80.0,4,75
164980,1962,2014,366.0,5,62
164981,1962,2014,366.0,5,62
164982,1962,2014,364.0,5,62
164983,1963,2014,367.0,5,61
165049,1930,2021,69.0,4,94
165124,1933,2021,79.0,4,91
165128,1936,2021,73.0,4,88
165143,1933,2022,83.0,4,91
165148,1926,2010,56.0,4,98
165149,1926,2010,56.0,4,98
165172,1930,2012,120.0,5,94
165181,1931,2020,108.0,5,93
165252,1934,2016,120.0,5,90
165261,1959,2013,270.0,5,65
165272,1928,2010,156.0,5,96
165293,1949,2020,138.0,5,75
165294,1949,2020,213.0,5,75
165315,1921,2019,85.0,4,103
165325,1927,2004,109.0,5,97
165360,1958,2013,162.0,4,66
165361,1958,2013,212.0,4,66
165370,1933,2023,119.0,5,91
165460,1938,2019,109.0,4,86
165524,1935,2023,107.0,6,89
165531,1935,2017,60.0,4,89
165541,1939,2023,175.0,5,85
165554,1971,2012,227.0,5,53
165555,1971,2012,243.0,5,53
165578,1928,2008,81.0,4,96
165599,1924,2008,63.0,4,100
165649,1925,2015,131.0,5,99
165671,1924,2012,119.0,4,100
165677,1924,2012,107.0,5,100
165689,1913,2005,124.0,5,111
165691,1921,2014,101.0,4,103
165701,1949,2013,237.0,6,75
165703,1949,2013,237.0,6,75
165706,1940,2009,68.0,4,84
165707,1940,2009,69.0,4,84
165714,1908,2021,78.0,4,116
165716,1939,2014,114.0,4,85
165718,1929,2021,178.0,4,95
165744,1942,2013,238.0,5,82
165796,1951,2017,156.0,4,73
165798,1948,2020,153.0,4,76
165839,1939,2005,79.0,4,85
165840,1939,2005,105.0,4,85
165959,1937,2016,84.0,4,87
165990,1905,2023,64.0,4,119
165993,1955,2020,144.0,3,69
165994,1955,2020,106.0,3,69
166002,1945,2006,66.0,3,79
166026,1931,2019,78.0,4,93
166075,1941,2018,77.0,3,83
166085,1935,2021,154.0,5,89
166093,1891,2011,70.0,3,133
166096,1909,2018,94.0,4,115
166158,1908,2013,77.0,4,116
166169,1951,2009,105.0,3,73
166181,1953,2012,226.0,5,71
166195,1934,2010,141.0,4,90
166197,1939,2017,124.0,3,85
166202,1909,2014,145.0,4,115
166278,1925,2022,125.0,4,99
166297,1948,2022,271.0,5,76
166327,1942,2015,169.0,5,82
166329,1942,2015,168.0,5,82
166333,1944,2020,177.0,6,80
166334,1944,2020,175.0,5,80
166393,1928,2013,167.0,5,96
166394,1929,2013,164.0,5,95
166395,1923,2013,162.0,5,101
166397,1925,2013,213.0,6,99
166404,1928,2013,167.0,5,96
166405,1928,2013,168.0,5,96
166406,1928,2013,169.0,5,96
166408,1928,2013,168.0,5,96
166409,1928,2013,167.0,5,96
166413,1929,2013,165.0,5,95
166414,1929,2013,165.0,5,95
166415,1929,2013,164.0,5,95
166433,1930,2016,166.0,5,94
166434,1930,2016,93.0,5,94
166442,1929,2013,164.0,5,95
166443,1929,2013,164.0,5,95
166444,1929,2013,165.0,5,95
166447,1923,2015,190.0,5,101
166448,1923,2015,189.0,5,101
166465,1925,2004,84.0,4,99
166495,1930,2016,153.0,6,94
166520,1935,2021,208.0,6,89
166546,1956,2020,146.0,5,68
166587,1920,2017,79.0,3,104
166725,1935,2014,160.0,5,89
166738,1935,2014,159.0,5,89
166743,1936,2023,80.0,5,88
166755,1935,2023,218.0,5,89
166787,1953,2014,221.0,4,71
166798,1934,2020,181.0,5,90
166814,1922,2009,111.0,5,102
166896,1930,2017,92.0,4,94
166897,1889,2021,72.0,5,135
166908,1922,2011,165.0,5,102
166909,1922,2011,95.0,5,102
166910,1922,2011,217.0,5,102
166915,1923,2019,103.0,5,101
166960,1886,2013,100.0,4,138
167004,1878,2009,84.0,6,146
167009,1890,2009,83.0,5,134
167102,1894,2013,61.0,3,130
167244,1891,2023,107.0,5,133
167245,1891,2021,103.0,5,133
167557,1966,2020,143.0,3,58
167612,1939,2013,73.0,3,85
167613,1939,2018,91.0,4,85
167624,1935,2011,100.0,4,89
167665,1944,2021,97.0,3,80
167704,1945,2011,52.0,4,79
167705,1945,2011,51.0,4,79
167706,1945,2011,50.0,4,79
167707,1945,2011,51.0,4,79
167708,1945,2011,58.0,4,79
167709,1945,2011,52.0,4,79
167710,1945,2011,51.0,4,79
167711,1945,2011,50.0,4,79
167712,1945,2011,51.0,4,79
167713,1945,2011,59.0,4,79
167714,1945,2011,52.0,4,79
167715,1945,2011,51.0,4,79
167716,1945,2011,50.0,4,79
167717,1945,2011,51.0,4,79
167718,1945,2011,58.0,4,79
167719,1946,2011,51.0,4,78
167720,1946,2011,50.0,4,78
167721,1946,2011,50.0,4,78
167722,1946,2011,51.0,4,78
167723,1946,2011,51.0,4,78
167724,1946,2011,50.0,4,78
167725,1946,2011,49.0,4,78
167726,1946,2011,52.0,4,78
167727,1946,2011,51.0,4,78
167728,1946,2011,50.0,4,78
167729,1946,2011,49.0,4,78
167730,1946,2011,51.0,4,78
167731,1945,2011,58.0,4,79
167732,1945,2011,51.0,4,79
167733,1945,2011,50.0,4,79
167734,1945,2011,57.0,4,79
167746,1945,2011,57.0,4,79
167747,1945,2011,51.0,4,79
167748,1945,2011,50.0,4,79
167749,1945,2011,57.0,4,79
167771,1905,2017,165.0,5,119
167773,1893,2008,128.0,3,131
167782,1956,2020,172.0,5,68
167805,1926,2009,64.0,4,98
167838,1952,2022,100.0,4,72
167845,1954,2011,181.0,4,70
167848,1957,2020,161.0,4,67
167849,1957,2020,157.0,5,67
167850,1956,2020,187.0,5,68
167851,1957,2020,156.0,4,67
167852,1956,2020,186.0,5,68
167853,1957,2020,115.0,3,67
167854,1957,2020,160.0,4,67
167856,1937,2016,180.0,4,87
167857,1926,2004,65.0,4,98
167873,1956,2020,145.0,4,68
167874,1956,2022,162.0,4,68
167875,1956,2022,225.0,5,68
167876,1956,2022,163.0,4,68
167877,1956,2022,189.0,5,68
167878,1952,2022,164.0,4,72
167880,1952,2022,162.0,5,72
167882,1952,2022,163.0,5,72
167883,1952,2022,138.0,5,72
167885,1945,2009,54.0,4,79
167886,1945,2009,52.0,4,79
167887,1945,2009,52.0,4,79
167888,1945,2009,52.0,4,79
167889,1945,2009,52.0,4,79
167890,1945,2009,51.0,4,79
167891,1945,2009,52.0,4,79
167892,1945,2009,54.0,4,79
167893,1945,2009,54.0,4,79
167894,1945,2009,52.0,4,79
167895,1945,2009,53.0,4,79
167896,1945,2009,53.0,4,79
167897,1945,2009,52.0,4,79
167898,1945,2009,51.0,4,79
167899,1945,2009,52.0,4,79
167900,1945,2009,54.0,4,79
167901,1945,2009,182.0,5,79
167902,1945,2009,172.0,5,79
167905,1945,2008,183.0,5,79
167906,1945,2008,171.0,5,79
167907,1945,2009,181.0,5,79
167908,1945,2009,170.0,5,79
167909,1946,2008,56.0,4,78
167910,1946,2008,52.0,4,78
167911,1946,2008,52.0,4,78
167912,1956,2020,187.0,4,68
167913,1946,2008,54.0,4,78
167914,1956,2020,187.0,4,68
167915,1946,2008,56.0,4,78
167916,1946,2008,52.0,4,78
167917,1946,2008,52.0,4,78
167918,1946,2008,52.0,4,78
167919,1946,2008,52.0,4,78
167920,1946,2008,52.0,4,78
167921,1946,2008,52.0,4,78
167922,1946,2008,54.0,4,78
167923,1946,2009,53.0,4,78
167924,1946,2009,52.0,4,78
167925,1946,2009,53.0,4,78
167926,1946,2009,51.0,4,78
167927,1946,2009,52.0,4,78
167928,1946,2009,51.0,4,78
167929,1946,2009,52.0,4,78
167930,1946,2009,54.0,3,78
167931,1956,2020,162.0,4,68
167932,1956,2020,144.0,5,68
167935,1946,2008,182.0,5,78
167936,1946,2008,171.0,5,78
167937,1946,2008,181.0,5,78
167938,1946,2008,171.0,5,78
167947,1899,2010,79.0,4,125
167950,1956,2019,149.0,6,68
167951,1956,2019,148.0,6,68
167952,1956,2019,148.0,6,68
167994,1949,2021,131.0,4,75
168005,1941,2022,61.0,4,83
168008,1954,2024,263.0,5,70
168011,1954,2010,215.0,4,70
168012,1954,2010,214.0,4,70
168014,1954,2010,214.0,5,70
168015,1954,2010,213.0,5,70
168022,1954,2021,174.0,6,70
168023,1954,2021,174.0,6,70
168025,1954,2010,178.0,5,70
168026,1954,2010,175.0,5,70
168027,1954,2010,153.0,5,70
168046,1959,2015,209.0,5,65
168073,1959,2015,209.0,6,65
168078,1931,2007,92.0,4,93
168098,1952,2017,68.0,3,72
168111,1922,2012,111.0,4,102
168169,1935,2005,70.0,4,89
168188,1948,2015,57.0,4,76
168189,1948,2015,58.0,4,76
168190,1948,2015,56.0,4,76
168191,1948,2015,57.0,4,76
168214,1935,2015,70.0,5,89
168215,1934,2017,93.0,5,90
168216,1934,2017,73.0,4,90
168217,1934,2005,69.0,4,90
168414,1950,2016,146.0,1,74
168417,1948,2016,59.0,4,76
168418,1948,2016,55.0,4,76
168419,1948,2016,54.0,4,76
168420,1948,2016,56.0,4,76
168421,1948,2016,56.0,4,76
168422,1948,2016,54.0,4,76
168423,1948,2016,55.0,4,76
168424,1948,2016,60.0,4,76
168425,1948,2016,59.0,4,76
168426,1948,2016,55.0,4,76
168427,1948,2016,55.0,4,76
168428,1948,2016,57.0,4,76
168429,1948,2016,59.0,4,76
168430,1948,2016,55.0,4,76
168431,1948,2016,59.0,4,76
168444,1948,2016,56.0,4,76
168445,1948,2016,55.0,4,76
168446,1948,2016,54.0,4,76
168447,1948,2016,55.0,4,76
168448,1948,2016,56.0,4,76
168454,1969,2009,123.0,4,55
168510,1974,2023,334.0,12,50
168548,1927,2021,64.0,4,97
168571,1938,2010,113.0,3,86
168574,1921,2015,70.0,4,103
168590,1925,2021,114.0,4,99
168668,1950,2017,201.0,4,74
168714,1953,2023,180.0,5,71
168715,1953,2023,118.0,4,71
168716,1953,2023,177.0,5,71
168717,1953,2023,119.0,4,71
168746,1953,2015,240.0,4,71
168747,1953,2015,240.0,5,71
168748,1953,2015,241.0,5,71
168776,1954,2016,423.0,3,70
168835,1935,2008,82.0,4,89
168858,1935,2014,42.0,4,89
168859,1934,2010,59.0,4,90
168901,1968,2022,106.0,5,56
168946,1937,2016,65.0,3,87
168947,1937,2013,65.0,3,87
168971,1936,2009,61.0,4,88
168991,1939,2021,65.0,4,85
169104,1952,2009,48.0,4,72
169105,1952,2009,44.0,4,72
169106,1952,2009,44.0,4,72
169107,1952,2009,45.0,4,72
169108,1952,2009,45.0,4,72
169109,1952,2009,45.0,4,72
169110,1952,2009,44.0,4,72
169111,1952,2009,44.0,4,72
169112,1952,2009,45.0,4,72
169113,1952,2009,45.0,4,72
169119,1934,2013,86.0,4,90
169121,1933,2023,56.0,4,91
169122,1933,2023,50.0,4,91
169123,1951,2009,155.0,5,73
169124,1951,2009,156.0,5,73
169125,1952,2009,164.0,5,72
169126,1952,2009,165.0,5,72
169127,1952,2009,165.0,5,72
169128,1952,2009,165.0,5,72
169156,1951,2009,153.0,5,73
169158,1952,2009,56.0,4,72
169159,1952,2009,56.0,4,72
169160,1952,2009,45.0,4,72
169161,1952,2009,45.0,4,72
169162,1952,2009,44.0,4,72
169163,1952,2009,45.0,4,72
169164,1951,2009,164.0,5,73
169165,1951,2009,169.0,5,73
169166,1952,2009,45.0,4,72
169167,1952,2009,45.0,4,72
169168,1952,2009,45.0,4,72
169169,1952,2009,45.0,4,72
169170,1952,2009,45.0,4,72
169171,1952,2009,45.0,4,72
169174,1932,2020,58.0,4,92
169246,1952,2014,144.0,3,72
169332,1931,2019,156.0,6,93
169339,1886,2012,78.0,4,138
169341,1886,2012,78.0,4,138
169342,1886,2023,78.0,4,138
169345,1907,2004,68.0,4,117
169397,1912,2009,110.0,5,112
169398,1957,2016,153.0,5,67
169399,1893,2010,76.0,4,131
169411,1903,2004,92.0,4,121
169433,1924,2016,51.0,4,100
169434,1924,2016,51.0,4,100
169435,1925,2016,51.0,4,99
169455,1920,2021,120.0,4,104
169456,1952,2016,171.0,5,72
169461,1891,2019,72.0,4,133
169472,1928,2018,93.0,4,96
169508,1935,2010,77.0,4,89
169509,1927,2010,102.0,6,97
169510,1926,2021,70.0,4,98
169511,1927,2008,85.0,4,97
169518,1930,2021,79.0,3,94
169521,1930,2017,79.0,3,94
169544,1930,2017,122.0,6,94
169545,1931,2017,182.0,6,93
169560,1931,2016,129.0,5,93
169561,1931,2016,101.0,5,93
169562,1931,2016,128.0,5,93
169563,1931,2016,153.0,5,93
169564,1931,2016,166.0,5,93
169565,1931,2016,151.0,5,93
169566,1931,2016,153.0,5,93
169567,1931,2016,153.0,5,93
169568,1931,2016,153.0,5,93
169569,1931,2016,169.0,5,93
169570,1931,2016,151.0,5,93
169578,1933,2022,95.0,4,91
169580,1934,2011,82.0,4,90
169588,1944,2010,55.0,4,80
169589,1944,2010,53.0,4,80
169591,1944,2010,52.0,4,80
169593,1944,2010,52.0,4,80
169595,1944,2010,54.0,4,80
169597,1944,2010,53.0,4,80
169600,1944,2010,62.0,4,80
169601,1944,2010,54.0,4,80
169602,1944,2010,52.0,4,80
169603,1944,2010,51.0,4,80
169604,1944,2010,52.0,4,80
169605,1944,2010,52.0,4,80
169606,1944,2010,54.0,4,80
169607,1944,2010,62.0,4,80
169608,1944,2010,55.0,4,80
169609,1944,2010,52.0,4,80
169610,1944,2010,52.0,4,80
169611,1944,2010,51.0,4,80
169612,1944,2010,51.0,4,80
169613,1944,2010,51.0,4,80
169650,1937,2023,87.0,4,87
169681,1926,2011,84.0,5,98
169711,1936,2022,82.0,4,88
169713,1929,2022,70.0,4,95
169715,1930,2022,69.0,4,94
169720,1929,2024,68.0,4,95
169721,1929,2024,67.0,4,95
169723,1930,2014,70.0,4,94
169729,1929,2014,123.0,5,95
169746,1950,2003,142.0,5,74
169747,1950,2003,140.0,5,74
169748,1950,2003,144.0,5,74
169766,1925,2013,102.0,5,99
169767,1925,2013,103.0,5,99
169794,1892,2015,88.0,4,132
169797,1892,2015,89.0,4,132
169800,1949,2012,71.0,3,75
169824,1928,2015,92.0,4,96
169845,1947,2012,192.0,4,77
169879,1926,2011,70.0,4,98
169888,1926,2011,79.0,4,98
169901,1929,2015,81.0,4,95
169908,1915,2013,224.0,5,109
169969,1911,2016,78.0,4,113
169980,1909,2019,146.0,3,115
169999,1931,2010,129.0,5,93
170017,1948,2019,212.0,4,76
170021,1927,2007,74.0,4,97
170060,1945,2017,73.0,6,79
170161,1927,2020,145.0,4,97
170204,1907,2003,136.0,4,117
170205,1934,2003,125.0,5,90
170217,1932,2010,139.0,4,92
170248,1927,2011,143.0,5,97
170250,1927,2022,144.0,5,97
170352,1941,2016,146.0,5,83
170353,1941,2016,136.0,5,83
170463,1950,2016,208.0,6,74
170466,1946,2012,153.0,5,78
170535,1925,2015,69.0,4,99
170553,1932,2019,161.0,3,92
170554,1934,2015,103.0,3,90
170555,1934,2015,131.0,3,90
170578,1929,2021,72.0,4,95
170608,1938,2010,60.0,4,86
170631,1927,2017,90.0,5,97
170632,1929,2008,152.0,4,95
170633,1926,2017,62.0,4,98
170635,1928,2010,73.0,5,96
170642,1918,2021,70.0,4,106
170644,1918,2021,70.0,4,106
170722,1934,2011,83.0,4,90
170761,1960,2021,306.0,6,64
170768,1961,2015,199.0,5,63
170802,1956,2015,193.0,5,68
170825,1930,2022,212.0,5,94
170826,1930,2022,167.0,5,94
170835,1932,2024,126.0,5,92
170842,1953,2010,135.0,5,71
170843,1953,2010,142.0,5,71
170844,1953,2010,144.0,5,71
170850,1953,2012,185.0,5,71
170851,1953,2012,169.0,5,71
170874,1948,2017,200.0,5,76
170875,1948,2017,192.0,5,76
170908,1973,2020,212.0,4,51
170922,1929,2011,96.0,4,95
170926,1930,2020,198.0,5,94
170927,1930,2020,197.0,5,94
170928,1930,2020,157.0,5,94
170929,1930,2020,157.0,5,94
170930,1930,2020,160.0,5,94
170931,1930,2020,178.0,5,94
170934,1949,2017,224.0,5,75
170938,1949,2017,209.0,5,75
170944,1930,2011,77.0,4,94
170948,1938,2019,171.0,4,86
170989,1949,2017,225.0,5,75
170990,1949,2017,209.0,5,75
170995,1931,2017,99.0,4,93
171013,1931,2023,167.0,5,93
171158,1946,2023,51.0,4,78
171166,1946,2023,51.0,4,78
171167,1946,2023,49.0,4,78
171168,1946,2023,49.0,4,78
171169,1946,2023,51.0,4,78
171171,1935,2020,91.0,4,89
171172,1946,2023,53.0,4,78
171173,1946,2023,51.0,4,78
171174,1946,2023,50.0,3,78
171175,1946,2023,50.0,4,78
171176,1946,2023,50.0,4,78
171177,1946,2023,51.0,4,78
171178,1946,2023,52.0,4,78
171179,1946,2023,52.0,4,78
171180,1946,2023,51.0,4,78
171181,1946,2023,50.0,4,78
171182,1946,2023,50.0,4,78
171183,1946,2023,48.0,4,78
171184,1946,2023,48.0,4,78
171185,1946,2023,48.0,4,78
171186,1946,2023,48.0,4,78
171187,1946,2023,50.0,4,78
171188,1946,2023,49.0,4,78
171189,1946,2023,49.0,4,78
171190,1946,2023,50.0,4,78
171191,1946,2023,51.0,4,78
171192,1946,2023,52.0,4,78
171193,1946,2023,50.0,4,78
171194,1946,2023,51.0,4,78
171195,1946,2023,50.0,4,78
171196,1946,2023,52.0,4,78
171197,1946,2023,51.0,4,78
171198,1946,2023,51.0,4,78
171200,1946,2023,50.0,4,78
171202,1946,2023,52.0,4,78
171204,1946,2023,52.0,4,78
171206,1946,2023,50.0,4,78
171208,1946,2023,50.0,4,78
171210,1946,2023,50.0,4,78
171211,1946,2023,50.0,4,78
171212,1946,2023,49.0,4,78
171213,1946,2023,49.0,4,78
171214,1946,2023,51.0,4,78
171215,1946,2023,56.0,3,78
171216,1946,2023,49.0,4,78
171217,1946,2023,49.0,4,78
171218,1946,2023,50.0,4,78
171219,1946,2023,50.0,4,78
171220,1946,2023,49.0,4,78
171221,1946,2023,49.0,4,78
171222,1946,2023,50.0,4,78
171223,1946,2023,51.0,4,78
171224,1946,2023,49.0,4,78
171225,1946,2023,49.0,4,78
171226,1946,2023,49.0,4,78
171227,1946,2023,50.0,4,78
171228,1946,2023,49.0,4,78
171229,1946,2023,48.0,4,78
171230,1946,2023,48.0,4,78
171231,1946,2023,51.0,4,78
171249,1935,2022,67.0,4,89
171284,1961,2011,221.0,4,63
171286,1961,2011,223.0,4,63
171314,1960,2012,451.0,4,64
171319,1895,2009,64.0,3,129
171335,1932,2015,140.0,5,92
171388,1949,2015,142.0,4,75
171389,1949,2015,142.0,4,75
171390,1949,2015,238.0,4,75
171391,1949,2015,237.0,4,75
171392,1949,2015,239.0,4,75
171393,1949,2015,143.0,4,75
171394,1949,2015,142.0,4,75
171395,1949,2015,143.0,4,75
171396,1949,2015,237.0,4,75
171397,1949,2015,238.0,4,75
171408,1948,2023,172.0,6,76
171409,1948,2022,172.0,6,76
171410,1948,2023,173.0,6,76
171411,1948,2023,173.0,6,76
171412,1948,2022,173.0,6,76
171413,1948,2023,174.0,6,76
171414,1949,2015,142.0,4,75
171415,1949,2015,142.0,4,75
171416,1949,2015,238.0,4,75
171417,1949,2015,145.0,4,75
171418,1949,2015,140.0,4,75
171419,1949,2015,142.0,4,75
171425,1908,2020,75.0,4,116
171456,1948,2022,170.0,5,76
171457,1948,2023,170.0,5,76
171577,1949,2009,167.0,5,75
171578,1949,2009,163.0,5,75
171579,1949,2009,49.0,4,75
171580,1949,2009,48.0,4,75
171581,1949,2009,48.0,4,75
171582,1949,2009,49.0,4,75
171583,1949,2009,48.0,4,75
171584,1949,2009,49.0,4,75
171585,1949,2009,168.0,5,75
171586,1949,2009,50.0,4,75
171587,1949,2009,48.0,4,75
171588,1949,2009,48.0,4,75
171589,1949,2009,48.0,4,75
171590,1949,2009,48.0,4,75
171591,1949,2009,49.0,4,75
171592,1949,2009,167.0,5,75
171593,1949,2011,50.0,4,75
171594,1949,2011,48.0,4,75
171595,1949,2011,48.0,4,75
171596,1949,2011,48.0,4,75
171597,1949,2011,48.0,4,75
171598,1949,2011,49.0,4,75
171599,1949,2011,167.0,5,75
171600,1949,2009,50.0,4,75
171601,1949,2009,48.0,4,75
171602,1949,2009,48.0,4,75
171603,1949,2009,48.0,4,75
171604,1949,2009,50.0,4,75
171605,1949,2009,164.0,5,75
171606,1949,2009,166.0,5,75
171607,1949,2011,50.0,4,75
171608,1949,2011,50.0,4,75
171609,1949,2011,48.0,4,75
171610,1949,2011,48.0,4,75
171611,1949,2011,48.0,4,75
171612,1949,2011,48.0,4,75
171613,1949,2011,48.0,4,75
171614,1949,2011,49.0,4,75
171615,1949,2011,50.0,4,75
171616,1949,2011,48.0,4,75
171617,1949,2011,50.0,4,75
171618,1949,2011,49.0,4,75
171619,1949,2011,48.0,4,75
171620,1949,2011,167.0,5,75
171621,1949,2011,48.0,4,75
171622,1949,2011,48.0,4,75
171623,1949,2011,48.0,4,75
171624,1949,2011,48.0,4,75
171625,1949,2011,50.0,4,75
171642,1913,2004,88.0,4,111
171646,1984,2016,224.0,4,40
171713,1928,2012,156.0,4,96
171726,1949,2012,250.0,7,75
171730,1949,2012,236.0,7,75
171737,1949,2012,239.0,7,75
171738,1891,2012,84.0,5,133
171784,1943,2012,153.0,5,81
171785,1943,2012,152.0,5,81
171799,1925,2018,101.0,5,99
171810,1920,2014,118.0,4,104
171850,1934,2020,104.0,4,90
171855,1897,2005,204.0,5,127
171866,1850,2021,69.0,4,174
171877,1950,2023,232.0,4,74
171879,1950,2023,164.0,4,74
171917,1906,2021,102.0,4,118
171928,1969,2023,333.0,8,55
171929,1953,2023,239.0,5,71
171939,1936,2018,58.0,4,88
171943,1944,2009,51.0,4,80
171944,1944,2009,51.0,4,80
171945,1944,2009,51.0,4,80
171946,1944,2009,51.0,4,80
171947,1944,2009,54.0,4,80
171948,1944,2009,48.0,4,80
171949,1944,2009,49.0,4,80
171950,1944,2009,54.0,4,80
171951,1944,2009,54.0,4,80
171952,1944,2009,48.0,4,80
171953,1944,2009,48.0,4,80
171954,1945,2013,155.0,5,79
171955,1944,2009,49.0,4,80
171956,1945,2013,154.0,5,79
171957,1944,2009,49.0,4,80
171958,1944,2009,48.0,4,80
171959,1944,2009,48.0,4,80
171960,1944,2009,54.0,4,80
171963,1946,2011,154.0,5,78
171964,1946,2011,154.0,5,78
171965,1946,2011,153.0,5,78
171966,1945,2013,152.0,5,79
171967,1945,2013,154.0,5,79
171968,1944,2009,50.0,4,80
171969,1944,2009,48.0,4,80
171970,1944,2009,48.0,4,80
171971,1944,2009,48.0,4,80
171972,1944,2009,51.0,4,80
171973,1944,2009,57.0,4,80
171974,1945,2013,154.0,5,79
171975,1944,2009,57.0,4,80
171976,1945,2013,152.0,5,79
171977,1944,2009,57.0,4,80
171978,1944,2009,51.0,4,80
171979,1944,2009,51.0,4,80
171980,1944,2009,48.0,4,80
171981,1944,2009,49.0,4,80
171982,1944,2009,49.0,4,80
171983,1944,2009,48.0,4,80
171984,1944,2009,51.0,4,80
171985,1944,2009,50.0,4,80
171986,1944,2009,48.0,4,80
171987,1944,2009,49.0,4,80
171989,1944,2009,49.0,4,80
171990,1945,2013,154.0,5,79
171991,1944,2009,48.0,4,80
171992,1944,2009,51.0,4,80
171993,1944,2009,56.0,4,80
171994,1944,2009,57.0,4,80
171995,1944,2009,56.0,4,80
171996,1944,2009,57.0,4,80
171997,1944,2009,51.0,4,80
171998,1944,2009,48.0,4,80
171999,1944,2009,49.0,4,80
172000,1945,2013,153.0,5,79
172001,1944,2009,49.0,4,80
172002,1945,2013,152.0,5,79
172003,1944,2009,48.0,4,80
172004,1944,2009,51.0,4,80
172005,1944,2009,50.0,4,80
172006,1944,2009,48.0,4,80
172007,1944,2009,49.0,4,80
172008,1944,2009,48.0,4,80
172009,1944,2009,48.0,4,80
172010,1944,2009,51.0,4,80
172015,1944,2017,153.0,5,80
172017,1944,2017,154.0,5,80
172024,1944,2017,154.0,5,80
172026,1944,2017,153.0,5,80
172036,1944,2017,156.0,5,80
172038,1944,2017,154.0,5,80
172039,1944,2017,154.0,5,80
172040,1944,2017,154.0,5,80
172046,1954,2017,201.0,4,70
172048,1944,2017,153.0,4,80
172050,1944,2017,153.0,4,80
172078,1944,2009,57.0,4,80
172080,1944,2009,57.0,4,80
172085,1944,2009,57.0,4,80
172086,1944,2009,51.0,4,80
172088,1946,2011,51.0,4,78
172089,1946,2011,48.0,4,78
172090,1946,2011,48.0,4,78
172091,1946,2011,49.0,4,78
172092,1944,2009,51.0,4,80
172093,1946,2011,49.0,4,78
172094,1944,2009,51.0,4,80
172095,1946,2011,50.0,4,78
172096,1946,2011,50.0,4,78
172097,1946,2011,50.0,4,78
172098,1946,2011,50.0,4,78
172100,1946,2011,48.0,4,78
172101,1946,2011,51.0,4,78
172102,1946,2011,50.0,4,78
172103,1946,2011,49.0,4,78
172104,1946,2011,49.0,4,78
172105,1946,2011,51.0,4,78
172148,1933,2023,104.0,4,91
172149,1911,2023,125.0,5,113
172179,1898,2004,143.0,6,126
172183,1895,2018,84.0,4,129
172186,1934,2011,63.0,4,90
172199,1933,2015,82.0,3,91
172202,1961,2021,224.0,5,63
172208,1943,2011,102.0,3,81
172209,1949,2021,170.0,5,75
172210,1949,2021,170.0,5,75
172211,1949,2021,170.0,5,75
172212,1949,2021,170.0,5,75
172213,1949,2021,168.0,5,75
172214,1949,2021,168.0,5,75
172215,1949,2021,171.0,5,75
172216,1949,2021,170.0,5,75
172219,1949,2021,53.0,4,75
172220,1949,2021,52.0,4,75
172221,1949,2021,52.0,4,75
172222,1949,2021,52.0,4,75
172223,1949,2021,58.0,4,75
172224,1949,2021,53.0,4,75
172225,1949,2021,52.0,4,75
172226,1949,2021,52.0,4,75
172227,1949,2021,58.0,4,75
172229,1949,2021,54.0,4,75
172230,1949,2021,53.0,4,75
172240,1950,2021,174.0,5,74
172242,1949,2021,59.0,4,75
172243,1949,2021,52.0,4,75
172244,1949,2021,52.0,4,75
172245,1949,2021,52.0,4,75
172246,1949,2021,52.0,4,75
172247,1949,2021,52.0,4,75
172248,1949,2021,52.0,4,75
172249,1949,2021,54.0,4,75
172250,1950,2021,180.0,5,74
172252,1897,2010,92.0,4,127
172256,1929,2010,65.0,4,95
172258,1895,2005,160.0,5,129
172262,1948,2014,92.0,4,76
172264,1897,2010,79.0,5,127
172271,1949,2011,183.0,5,75
172272,1949,2011,168.0,5,75
172273,1949,2011,170.0,5,75
172274,1949,2011,182.0,5,75
172275,1949,2011,164.0,5,75
172276,1949,2011,167.0,5,75
172277,1948,2010,182.0,5,76
172278,1948,2010,167.0,5,76
172279,1948,2010,168.0,5,76
172280,1948,2009,180.0,5,76
172281,1948,2009,164.0,5,76
172282,1948,2009,168.0,5,76
172283,1948,2009,179.0,5,76
172284,1948,2009,166.0,5,76
172285,1948,2009,170.0,5,76
172286,1949,2009,180.0,5,75
172287,1949,2009,165.0,5,75
172288,1949,2009,167.0,5,75
172289,1949,2009,181.0,5,75
172290,1949,2009,165.0,5,75
172291,1949,2009,168.0,5,75
172318,1933,2014,62.0,4,91
172336,1934,2014,73.0,4,90
172340,1921,2010,74.0,3,103
172365,1934,2010,61.0,4,90
172371,1948,2004,79.0,4,76
172373,1914,2008,89.0,4,110
172420,1938,2021,120.0,4,86
172422,1937,2010,114.0,3,87
172423,1927,2011,126.0,4,97
172424,1938,2020,93.0,3,86
172440,1949,2011,185.0,5,75
172441,1949,2011,166.0,5,75
172442,1949,2011,168.0,5,75
172446,1922,2019,120.0,5,102
172449,1923,2019,119.0,5,101
172450,1961,2021,259.0,4,63
172456,1912,2016,78.0,4,112
172457,1912,2007,80.0,4,112
172522,1936,2020,59.0,4,88
172534,1939,2022,61.0,4,85
172559,1939,2021,215.0,6,85
172570,1962,2021,244.0,5,62
172593,1944,2011,119.0,3,80
172595,1943,2011,151.0,5,81
172603,1930,2024,124.0,5,94
172614,1925,2005,147.0,5,99
172621,1909,2023,81.0,4,115
172635,1922,2023,119.0,4,102
172729,1928,2007,81.0,4,96
172734,1928,2012,83.0,4,96
172737,1948,2007,139.0,3,76
172763,1928,2003,90.0,4,96
172764,1937,2005,83.0,2,87
172765,1934,2005,65.0,4,90
172766,1934,2005,72.0,4,90
172767,1933,2005,61.0,4,91
172768,1933,2003,61.0,4,91
172769,1933,2003,111.0,3,91
172770,1944,2003,60.0,4,80
172771,1934,2003,70.0,4,90
172777,1944,2017,71.0,4,80
172842,1920,2020,90.0,4,104
172843,1909,2007,77.0,4,115
172852,1941,2009,81.0,4,83
172890,1947,2004,52.0,4,77
172891,1947,2004,51.0,4,77
172892,1947,2004,52.0,4,77
172893,1947,2004,52.0,4,77
172894,1947,2004,51.0,4,77
172895,1947,2004,52.0,4,77
172896,1947,2004,52.0,4,77
172897,1947,2004,51.0,4,77
172898,1947,2004,52.0,4,77
172921,1912,2006,40.0,4,112
172982,1950,2016,45.0,4,74
172983,1950,2016,44.0,4,74
172984,1950,2016,44.0,4,74
172985,1950,2016,44.0,4,74
172986,1950,2016,44.0,4,74
172987,1950,2016,44.0,4,74
172988,1950,2016,44.0,4,74
172989,1950,2016,45.0,4,74
172990,1950,2016,44.0,4,74
172991,1950,2016,45.0,4,74
172992,1950,2016,48.0,4,74
172993,1950,2016,47.0,4,74
172994,1950,2016,47.0,4,74
172995,1950,2016,47.0,4,74
172996,1950,2016,48.0,4,74
172997,1950,2016,47.0,4,74
172998,1950,2016,47.0,4,74
172999,1950,2016,48.0,4,74
173031,1950,2016,151.0,5,74
173033,1950,2016,140.0,5,74
173066,1951,2016,48.0,4,73
173067,1951,2016,47.0,4,73
173068,1951,2016,47.0,4,73
173069,1951,2016,47.0,4,73
173070,1951,2016,48.0,4,73
173071,1951,2016,48.0,4,73
173072,1951,2016,46.0,4,73
173073,1951,2016,46.0,4,73
173074,1951,2016,47.0,4,73
173075,1951,2016,46.0,4,73
173076,1951,2016,47.0,4,73
173077,1951,2016,48.0,4,73
173078,1951,2016,46.0,4,73
173079,1951,2016,47.0,4,73
173080,1951,2016,48.0,4,73
173081,1950,2016,152.0,5,74
173082,1950,2016,138.0,5,74
173083,1950,2016,48.0,4,74
173084,1950,2016,47.0,4,74
173085,1950,2016,48.0,4,74
173086,1950,2016,50.0,4,74
173087,1950,2016,47.0,4,74
173088,1950,2016,47.0,4,74
173089,1950,2016,47.0,4,74
173090,1950,2016,47.0,4,74
173091,1950,2016,47.0,4,74
173092,1950,2016,47.0,4,74
173101,1950,2016,152.0,5,74
173102,1950,2016,140.0,5,74
173103,1950,2016,152.0,5,74
173104,1950,2016,140.0,5,74
173105,1950,2016,153.0,5,74
173106,1950,2016,140.0,5,74
173107,1950,2016,152.0,5,74
173108,1950,2016,139.0,5,74
173259,1946,2015,47.0,4,78
173260,1946,2015,45.0,4,78
173261,1946,2015,46.0,4,78
173262,1946,2015,45.0,4,78
173263,1946,2015,45.0,4,78
173264,1946,2015,46.0,4,78
173265,1946,2015,45.0,4,78
173266,1946,2015,45.0,4,78
173267,1946,2015,48.0,4,78
173278,1947,2015,52.0,4,77
173279,1947,2015,50.0,4,77
173280,1947,2015,51.0,4,77
173281,1947,2015,50.0,4,77
173282,1947,2015,50.0,4,77
173283,1947,2015,50.0,4,77
173284,1947,2015,52.0,4,77
173285,1947,2015,52.0,4,77
173286,1947,2015,50.0,4,77
173287,1947,2015,51.0,4,77
173288,1947,2015,51.0,4,77
173289,1947,2015,50.0,4,77
173290,1947,2015,51.0,4,77
173291,1947,2015,62.0,4,77
173294,1950,2011,160.0,5,74
173296,1950,2011,157.0,5,74
173297,1950,2011,76.0,5,74
173302,1938,2017,90.0,4,86
173307,1946,2015,47.0,4,78
173308,1946,2015,45.0,4,78
173309,1946,2015,45.0,4,78
173310,1946,2015,45.0,4,78
173311,1946,2015,45.0,4,78
173312,1946,2015,45.0,4,78
173313,1946,2015,45.0,4,78
173314,1946,2015,45.0,4,78
173315,1946,2015,45.0,4,78
173316,1946,2015,47.0,4,78
173317,1951,2011,239.0,4,73
173325,1950,2011,161.0,4,74
173326,1950,2013,160.0,5,74
173327,1950,2011,160.0,4,74
173328,1950,2013,157.0,5,74
173329,1950,2013,76.0,5,74
173330,1950,2011,160.0,4,74
173331,1950,2011,160.0,4,74
173345,1926,2013,58.0,4,98
173346,1950,2013,76.0,4,74
173347,1950,2013,160.0,4,74
173348,1950,2013,163.0,4,74
173349,1950,2013,154.0,4,74
173350,1950,2013,160.0,4,74
173353,1949,2010,177.0,4,75
173354,1949,2010,180.0,4,75
173355,1949,2008,177.0,4,75
173356,1949,2008,178.0,4,75
173358,1930,2018,50.0,4,94
173388,1949,2007,177.0,4,75
173390,1949,2007,186.0,4,75
173391,1949,2007,178.0,4,75
173393,1956,2012,126.0,4,68
173420,1955,2018,205.0,7,69
173421,1955,2018,201.0,7,69
173422,1955,2018,206.0,7,69
173798,1971,2024,171.0,3,53
173799,1971,2024,168.0,4,53
173955,1925,2017,48.0,4,99
173956,1925,2017,47.0,4,99
173957,1925,2012,48.0,4,99
173958,1925,2012,47.0,4,99
173978,1944,2018,194.0,5,80
173979,1944,2018,192.0,5,80
173980,1944,2018,188.0,5,80
173981,1944,2018,192.0,5,80
173982,1944,2018,192.0,5,80
173983,1946,2018,177.0,4,78
173984,1946,2018,163.0,5,78
173985,1946,2018,176.0,5,78
173987,1947,2018,174.0,5,77
173988,1947,2018,177.0,5,77
173989,1947,2018,177.0,5,77
174005,1947,2018,175.0,5,77
174042,1924,2005,65.0,4,100
174043,1926,2013,67.0,4,98
174045,1930,2013,76.0,4,94
174046,1955,2021,221.0,4,69
174093,1904,2021,88.0,4,120
174102,1929,2024,82.0,4,95
174117,1897,2023,107.0,5,127
174123,1908,2015,97.0,4,116
174124,1908,2005,211.0,4,116
174137,1942,2017,118.0,4,82
174213,1935,2023,118.0,4,89
174218,1933,2012,98.0,4,91
174242,1934,2014,58.0,3,90
174308,1916,2014,93.0,4,108
174317,1937,2005,96.0,4,87
174344,1926,2023,60.0,4,98
174345,1926,2003,62.0,4,98
174346,1925,2023,58.0,4,99
174351,1931,2018,89.0,4,93
174542,1953,2021,198.0,5,71
174543,1953,2021,196.0,5,71
174544,1964,2021,215.0,5,60
174586,1949,2022,185.0,5,75
174587,1949,2022,164.0,5,75
174588,1949,2023,185.0,5,75
174589,1949,2023,185.0,5,75
174590,1949,2023,163.0,5,75
174596,1952,2022,179.0,5,72
174597,1952,2022,159.0,5,72
174598,1952,2022,194.0,6,72
174600,1952,2022,158.0,5,72
174601,1952,2022,128.0,4,72
174602,1952,2022,129.0,4,72
174603,1961,2022,206.0,5,63
174605,1956,2022,201.0,5,68
174606,1960,2022,202.0,5,64
174607,1949,2022,187.0,5,75
174608,1949,2022,160.0,5,75
174609,1949,2022,161.0,5,75
174610,1949,2023,187.0,5,75
174611,1949,2023,159.0,5,75
174612,1949,2023,161.0,5,75
174614,1949,2023,188.0,5,75
174615,1949,2023,160.0,5,75
174616,1949,2023,160.0,5,75
174625,1974,2016,195.0,8,50
174626,1974,2016,324.0,8,50
174627,1974,2016,335.0,4,50
174628,1974,2016,192.0,3,50
174629,1957,2016,280.0,5,67
174630,1946,2014,176.0,4,78
174631,1946,2014,179.0,4,78
174632,1946,2014,163.0,4,78
174633,1946,2014,166.0,4,78
174634,1946,2014,164.0,4,78
174635,1946,2014,166.0,4,78
174636,1946,2014,165.0,4,78
174637,1946,2014,165.0,4,78
174706,1952,2016,47.0,4,72
174707,1952,2016,46.0,4,72
174708,1952,2016,46.0,4,72
174709,1952,2016,46.0,4,72
174710,1952,2016,46.0,4,72
174711,1952,2016,47.0,4,72
174712,1952,2016,47.0,4,72
174713,1952,2016,46.0,4,72
174714,1952,2016,46.0,4,72
174715,1952,2016,46.0,4,72
174716,1952,2016,46.0,4,72
174717,1952,2016,47.0,4,72
174720,1952,2016,48.0,4,72
174721,1952,2016,46.0,4,72
174722,1952,2016,46.0,4,72
174723,1952,2016,46.0,4,72
174724,1952,2016,46.0,4,72
174725,1952,2016,47.0,4,72
174727,1954,2004,192.0,6,70
174728,1954,2004,192.0,6,70
174729,1954,2004,192.0,6,70
174730,1954,2004,196.0,6,70
174731,1954,2004,190.0,6,70
174732,1954,2004,191.0,6,70
174733,1935,2003,117.0,4,89
174734,1940,2003,60.0,4,84
174739,1951,2011,173.0,5,73
174740,1951,2011,172.0,5,73
174741,1951,2011,174.0,5,73
174742,1951,2011,172.0,5,73
174743,1951,2011,176.0,5,73
174744,1952,2011,47.0,4,72
174745,1952,2011,45.0,4,72
174746,1952,2011,46.0,4,72
174747,1952,2011,46.0,4,72
174748,1952,2011,46.0,4,72
174749,1952,2011,47.0,4,72
174751,1953,2016,202.0,5,71
174756,1957,2011,127.0,3,67
174776,1945,2022,58.0,4,79
174781,1959,2023,189.0,5,65
174890,1952,2012,169.0,5,72
174891,1952,2012,174.0,5,72
174892,1952,2012,169.0,5,72
174893,1952,2012,173.0,5,72
174894,1952,2012,190.0,5,72
174895,1952,2012,168.0,5,72
174896,1952,2012,173.0,5,72
174897,1952,2012,188.0,5,72
174898,1952,2012,168.0,4,72
174900,1952,2012,172.0,4,72
174902,1952,2012,190.0,4,72
174904,1952,2017,232.0,4,72
174906,1952,2017,151.0,5,72
174907,1952,2017,151.0,5,72
174908,1952,2017,153.0,5,72
174909,1952,2017,154.0,5,72
174910,1952,2017,153.0,5,72
174911,1952,2017,154.0,5,72
174912,1952,2017,153.0,5,72
174913,1952,2017,151.0,5,72
174914,1952,2017,155.0,5,72
174915,1952,2012,188.0,5,72
174916,1949,2021,157.0,5,75
174917,1949,2021,154.0,5,75
174918,1949,2021,49.0,4,75
174919,1949,2021,49.0,4,75
174920,1949,2021,49.0,4,75
174921,1949,2021,49.0,4,75
174922,1949,2021,51.0,4,75
174923,1949,2021,51.0,4,75
174924,1949,2021,49.0,4,75
174925,1949,2021,49.0,4,75
174926,1949,2021,50.0,4,75
174927,1949,2021,49.0,4,75
174928,1949,2021,51.0,4,75
174929,1949,2021,158.0,4,75
174931,1949,2021,49.0,4,75
174932,1949,2021,48.0,4,75
174933,1949,2021,51.0,4,75
174934,1949,2021,158.0,5,75
174935,1949,2021,154.0,5,75
174936,1949,2021,50.0,4,75
174937,1949,2021,49.0,4,75
174938,1949,2021,49.0,4,75
174939,1949,2021,49.0,4,75
174940,1949,2021,51.0,4,75
174941,1949,2021,51.0,4,75
174942,1949,2021,49.0,4,75
174943,1949,2021,49.0,4,75
174944,1949,2021,49.0,4,75
174945,1949,2021,49.0,4,75
174946,1949,2021,51.0,4,75
174947,1955,2017,161.0,6,69
174948,1955,2017,160.0,6,69
174949,1955,2017,153.0,4,69
174950,1955,2017,153.0,5,69
174951,1955,2017,159.0,4,69
174952,1955,2017,153.0,5,69
174953,1955,2017,158.0,4,69
174955,1952,2012,251.0,5,72
174956,1952,2012,252.0,5,72
174959,1949,2006,47.0,4,75
174965,1949,2006,48.0,4,75
174966,1949,2006,45.0,4,75
174967,1949,2006,45.0,4,75
174968,1949,2006,46.0,4,75
174969,1949,2006,46.0,4,75
174970,1949,2006,48.0,4,75
174976,1949,2006,47.0,4,75
174977,1949,2006,45.0,4,75
174978,1949,2006,46.0,4,75
174979,1949,2006,46.0,4,75
174980,1949,2006,47.0,4,75
175008,1949,2006,46.0,4,75
175009,1949,2006,47.0,4,75
175010,1949,2006,46.0,4,75
175011,1949,2006,46.0,4,75
175012,1949,2006,46.0,4,75
175013,1949,2006,48.0,4,75
175014,1949,2006,47.0,4,75
175015,1949,2006,47.0,4,75
175016,1949,2006,46.0,4,75
175017,1949,2006,47.0,4,75
175018,1949,2006,45.0,4,75
175019,1949,2006,47.0,4,75
175020,1949,2006,47.0,4,75
175021,1949,2006,47.0,4,75
175022,1949,2006,46.0,4,75
175023,1949,2006,45.0,4,75
175024,1949,2006,45.0,4,75
175025,1949,2006,47.0,4,75
175026,1949,2006,45.0,4,75
175027,1949,2006,46.0,4,75
175028,1949,2006,47.0,4,75
175029,1949,2006,47.0,4,75
175030,1949,2006,47.0,4,75
175031,1949,2006,45.0,4,75
175032,1949,2006,45.0,4,75
175033,1949,2006,45.0,4,75
175034,1949,2006,45.0,4,75
175035,1949,2006,48.0,4,75
175040,1961,2024,191.0,6,63
175041,1961,2024,249.0,6,63
175083,1964,2007,328.0,6,60
175094,1957,2011,264.0,6,67
175095,1957,2011,264.0,6,67
175096,1957,2011,251.0,5,67
175097,1957,2011,250.0,5,67
175104,1803,2013,141.0,4,221
175248,1955,2021,170.0,4,69
175249,1955,2021,173.0,4,69
175250,1955,2021,174.0,4,69
175251,1955,2021,175.0,4,69
175252,1955,2021,174.0,4,69
175253,1955,2021,174.0,4,69
175255,1955,2021,262.0,5,69
175256,1955,2021,260.0,5,69
175264,1929,2023,103.0,4,95
175265,1930,2014,86.0,4,94
175270,1929,2017,81.0,4,95
175327,1956,2011,157.0,5,68
175344,1951,2023,107.0,3,73
175345,1951,2023,89.0,3,73
175347,1933,2023,131.0,4,91
175350,1947,2023,182.0,4,77
175352,1955,2014,148.0,5,69
175353,1955,2014,131.0,5,69
175354,1955,2014,143.0,5,69
175355,1955,2014,150.0,7,69
175356,1955,2014,124.0,7,69
175357,1955,2014,134.0,7,69
175358,1955,2014,133.0,5,69
175359,1955,2014,146.0,5,69
175360,1955,2014,148.0,5,69
175361,1955,2014,132.0,5,69
175362,1955,2014,142.0,5,69
175363,1955,2014,151.0,7,69
175364,1955,2014,125.0,7,69
175365,1955,2014,135.0,7,69
175366,1955,2012,149.0,5,69
175367,1955,2012,131.0,5,69
175368,1955,2012,143.0,5,69
175369,1955,2012,150.0,7,69
175370,1955,2014,133.0,5,69
175371,1955,2014,145.0,5,69
175372,1955,2012,124.0,5,69
175373,1955,2012,134.0,5,69
175374,1955,2012,134.0,5,69
175375,1955,2012,143.0,5,69
175376,1955,2012,149.0,5,69
175377,1955,2012,132.0,5,69
175378,1955,2012,143.0,5,69
175379,1955,2012,151.0,7,69
175403,1947,2016,52.0,4,77
175404,1947,2016,51.0,4,77
175405,1947,2016,50.0,4,77
175406,1947,2016,51.0,4,77
175407,1947,2016,51.0,4,77
175408,1947,2014,52.0,4,77
175409,1947,2014,56.0,4,77
175410,1947,2016,53.0,4,77
175411,1947,2016,54.0,4,77
175412,1947,2016,54.0,4,77
175413,1947,2016,53.0,4,77
175414,1947,2016,56.0,4,77
175415,1947,2016,52.0,4,77
175416,1947,2016,51.0,4,77
175417,1947,2016,50.0,4,77
175418,1947,2016,51.0,4,77
175419,1947,2016,51.0,4,77
175420,1947,2014,52.0,4,77
175421,1947,2014,56.0,4,77
175422,1947,2014,53.0,4,77
175423,1947,2014,54.0,4,77
175424,1947,2014,53.0,4,77
175425,1947,2014,53.0,4,77
175426,1947,2014,53.0,4,77
175427,1947,2014,53.0,4,77
175428,1947,2014,56.0,4,77
175429,1947,2014,53.0,4,77
175430,1947,2014,51.0,4,77
175431,1947,2014,51.0,4,77
175432,1947,2014,51.0,4,77
175433,1947,2014,50.0,4,77
175434,1947,2014,53.0,4,77
175435,1947,2014,56.0,4,77
175436,1947,2014,54.0,4,77
175437,1947,2014,54.0,4,77
175438,1947,2014,54.0,4,77
175439,1947,2014,54.0,4,77
175440,1947,2014,54.0,4,77
175441,1947,2014,53.0,4,77
175442,1947,2014,56.0,4,77
175443,1947,2014,55.0,4,77
175444,1947,2014,54.0,4,77
175445,1947,2014,54.0,4,77
175446,1947,2014,53.0,4,77
175447,1947,2014,54.0,4,77
175448,1947,2014,54.0,4,77
175449,1947,2014,54.0,4,77
175450,1947,2014,56.0,4,77
175451,1947,2014,55.0,4,77
175452,1947,2014,54.0,4,77
175453,1947,2014,54.0,4,77
175454,1947,2014,53.0,4,77
175455,1947,2014,53.0,4,77
175456,1947,2014,54.0,4,77
175457,1947,2014,54.0,4,77
175458,1947,2014,55.0,4,77
175463,1947,2016,53.0,4,77
175464,1947,2016,50.0,4,77
175465,1947,2016,51.0,4,77
175466,1947,2016,53.0,4,77
175467,1947,2016,56.0,4,77
175468,1947,2016,54.0,4,77
175469,1947,2016,53.0,4,77
175470,1947,2016,56.0,4,77
175471,1947,2016,52.0,4,77
175472,1947,2016,52.0,4,77
175473,1947,2016,52.0,4,77
175474,1947,2016,51.0,4,77
175475,1947,2016,50.0,4,77
175476,1947,2016,50.0,4,77
175477,1947,2016,50.0,4,77
175478,1947,2016,52.0,4,77
175479,1947,2014,55.0,4,77
175480,1947,2014,53.0,4,77
175481,1947,2014,53.0,4,77
175482,1947,2014,55.0,4,77
175483,1947,2014,52.0,4,77
175484,1947,2014,52.0,4,77
175485,1947,2014,52.0,4,77
175486,1947,2014,51.0,4,77
175487,1947,2014,51.0,4,77
175488,1947,2014,53.0,4,77
175489,1947,2014,53.0,4,77
175490,1947,2014,51.0,4,77
175491,1947,2014,51.0,4,77
175492,1947,2014,51.0,4,77
175493,1947,2014,51.0,4,77
175494,1947,2014,51.0,4,77
175495,1947,2014,51.0,4,77
175496,1947,2014,56.0,4,77
175497,1947,2014,53.0,4,77
175498,1947,2014,53.0,4,77
175499,1947,2014,53.0,4,77
175500,1947,2014,54.0,4,77
175501,1947,2014,54.0,4,77
175502,1947,2014,56.0,4,77
175503,1947,2014,55.0,4,77
175504,1947,2014,54.0,4,77
175505,1947,2014,54.0,4,77
175506,1947,2014,56.0,4,77
175507,1947,2016,53.0,4,77
175508,1947,2016,51.0,4,77
175509,1947,2016,51.0,4,77
175510,1947,2016,51.0,4,77
175511,1947,2016,51.0,4,77
175512,1947,2016,53.0,4,77
175513,1947,2016,56.0,4,77
175514,1947,2016,53.0,4,77
175515,1947,2016,54.0,4,77
175516,1947,2016,54.0,4,77
175517,1947,2016,54.0,4,77
175518,1947,2016,56.0,4,77
175519,1947,2014,53.0,4,77
175520,1947,2014,51.0,4,77
175521,1947,2014,51.0,4,77
175522,1947,2014,51.0,4,77
175523,1947,2014,51.0,4,77
175524,1947,2014,53.0,4,77
175525,1947,2014,56.0,4,77
175526,1947,2014,54.0,4,77
175527,1947,2014,53.0,4,77
175528,1947,2014,54.0,4,77
175529,1947,2014,53.0,4,77
175530,1947,2014,54.0,4,77
175531,1947,2014,54.0,4,77
175532,1947,2014,56.0,4,77
175533,1947,2014,56.0,4,77
175534,1947,2014,53.0,4,77
175535,1947,2014,54.0,4,77
175536,1947,2014,54.0,4,77
175537,1947,2014,54.0,4,77
175538,1947,2014,54.0,4,77
175539,1947,2014,54.0,4,77
175540,1947,2014,56.0,4,77
175551,1944,2004,113.0,3,80
175552,1933,2003,71.0,4,91
175759,1953,2015,164.0,4,71
175760,1951,2009,153.0,4,73
175764,1958,2023,323.0,4,66
175765,1958,2023,324.0,4,66
2364660,1885,2005,67.0,4,139
2364955,1976,2022,677.0,4,48
2365129,1944,2022,128.0,3,80
2366535,1931,2021,168.0,6,93
2368747,1938,2017,313.0,6,86
2370433,1938,2020,72.0,4,86
2373635,1992,2024,218.0,4,32
2373636,1992,2024,217.0,4,32
3169184,1975,2011,187.0,4,49
3169362,1948,2014,159.0,5,76
3169363,1948,2015,159.0,5,76
3169364,1954,2017,151.0,5,70
3169388,1934,2023,113.0,5,90
3169398,1966,2016,75.0,4,58
3169497,1858,2021,64.0,3,166
3169508,1912,2007,125.0,5,112
3169543,1986,2016,57.0,2,38
3169589,1949,2021,49.0,4,75
9001387,1939,2022,87.0,4,85
9001627,1992,2021,184.0,5,32
9001922,1965,2020,76.0,4,59
11515814,1923,2014,51.0,4,101
11515993,1946,2014,133.0,7,78
11516014,1938,2021,68.0,4,86
11516015,1933,2010,56.0,4,91
11516017,1946,2011,50.0,4,78
11516117,1929,2010,110.0,3,95
11520774,1944,2005,48.0,4,80
302008781,1863,2003,156.0,4,161
302009370,1954,2017,80.0,2,70
302009914,1834,2012,86.0,3,190
302013582,1950,2023,102.0,4,74
302014246,1924,2013,107.0,3,100
302024431,1834,2012,38.0,1,190
302024432,1834,2012,78.0,1,190
302024530,1906,2021,98.0,2,118
302031115,2010,2011,69.0,4,14
302034162,1931,2020,42.0,3,93
302045407,1884,2022,103.0,4,140
302045593,1908,2000,113.0,5,116
302045622,1912,2002,108.0,5,112
302045625,1912,2002,138.0,5,112
302045699,1949,2003,191.0,4,75
302045929,1950,2000,113.0,4,74
302046169,2000,2004,267.0,3,24
302046170,2000,2004,245.0,3,24
302046171,2000,2004,231.0,3,24
302046336,1880,2011,37.0,3,144
302046496,1963,2002,250.0,3,61
302046684,1944,2000,214.0,5,80
302048278,1972,2016,255.0,3,52
302048351,1955,2002,95.0,7,69
302048352,1955,2002,162.0,7,69
302048594,1863,2000,72.0,4,161
302048727,1885,2000,68.0,3,139
302048728,1885,2000,60.0,4,139
302049291,1944,2001,49.0,4,80
302049292,1944,2001,48.0,4,80
302049293,1944,2001,47.0,4,80
302049294,1944,2001,48.0,4,80
302049295,1944,2001,48.0,4,80
302049296,1944,2001,47.0,4,80
302049297,1944,2001,47.0,4,80
302049298,1944,2001,47.0,4,80
302049299,1944,2001,47.0,4,80
302049300,1944,2001,49.0,4,80
302049385,1928,2000,223.0,6,96
302049391,1929,2002,173.0,5,95
302049392,1929,2002,237.0,5,95
302049588,1914,2002,136.0,4,110
302049696,1877,2000,150.0,5,147
302049711,1903,2022,95.0,5,121
302049722,1979,2007,458.0,5,45
302049744,1995,2004,126.0,4,29
302049753,1921,2000,232.0,5,103
302049757,1983,2007,295.0,5,41
302049760,1925,2001,107.0,4,99
302049761,1926,2001,292.0,4,98
302049779,1930,2002,267.0,4,94
302049790,1933,2002,201.0,6,91
302049791,1933,2002,244.0,5,91
302049797,1939,2002,273.0,4,85
302049807,1971,2006,247.0,3,53
302049880,1839,2002,150.0,6,185
302049881,1839,2002,62.0,5,185
302049885,1825,2002,117.0,4,199
302049966,1907,2002,152.0,5,117
302049988,1919,2002,63.0,4,105
302050017,1963,2001,434.0,3,61
302050070,1878,2002,125.0,6,146
302050079,1886,2000,195.0,5,138
302050107,1910,2002,118.0,5,114
302050134,1935,2002,103.0,5,89
302050137,1938,2000,197.0,5,86
302050138,1938,2001,172.0,5,86
302050139,1940,2001,143.0,3,84
302050192,1934,2002,90.0,4,90
302050414,1864,2004,148.0,5,160
302050535,1933,2002,163.0,5,91
302050536,1933,2002,174.0,5,91
302050537,1933,2002,175.0,5,91
302050606,1913,2001,100.0,5,111
302050655,1899,2001,83.0,5,125
302050657,1899,2001,125.0,5,125
302050720,1935,2002,82.0,4,89
302050722,1936,2000,93.0,4,88
302050873,1967,2001,190.0,4,57
302050874,1967,2001,190.0,4,57
302050960,1910,2002,99.0,5,114
302050964,1907,2002,90.0,5,117
302050992,1911,2000,66.0,4,113
302051069,1922,2001,63.0,4,102
302051110,1931,2001,104.0,4,93
302051137,1935,2000,200.0,4,89
302051139,1935,2002,140.0,6,89
302051250,1949,2002,98.0,3,75
302051483,1942,2001,121.0,3,82
302051484,1947,2000,156.0,3,77
302051535,1946,2002,155.0,5,78
302051536,1946,2002,155.0,5,78
302051538,1946,2002,155.0,5,78
302051539,1946,2002,155.0,5,78
302051541,1946,2002,155.0,5,78
302051542,1946,2002,155.0,5,78
302051544,1934,2001,103.0,4,90
302051545,1927,2000,84.0,5,97
302051569,1949,2002,130.0,4,75
302051616,1930,2000,80.0,4,94
302051624,1934,2001,107.0,4,90
302051912,1923,2001,146.0,5,101
302052050,1982,2000,51.0,2,42
302052089,1919,2002,380.0,4,105
302052095,1929,2000,69.0,4,95
302052102,1932,2002,124.0,4,92
302052106,1932,2008,55.0,4,92
302052261,1949,2000,171.0,4,75
302052262,1949,2000,169.0,5,75
302052263,1949,2000,170.0,5,75
302052265,1949,2000,170.0,5,75
302052266,1949,2000,170.0,5,75
302052268,1949,2000,171.0,5,75
302052637,1926,2001,169.0,6,98
302052638,1926,2001,155.0,6,98
302052639,1926,2001,170.0,6,98
302052640,1926,2001,155.0,6,98
302052641,1926,2002,172.0,6,98
302052643,1948,2002,184.0,6,76
302052644,1926,2001,81.0,4,98
302052658,1928,2001,52.0,4,96
302052659,1928,2001,51.0,4,96
302052660,1928,2001,51.0,4,96
302052661,1928,2001,51.0,4,96
302052662,1928,2001,50.0,4,96
302052668,1928,2001,52.0,4,96
302052669,1928,2001,184.0,6,96
302052670,1928,2001,51.0,4,96
302052671,1928,2001,51.0,4,96
302052672,1928,2001,51.0,4,96
302052673,1928,2001,50.0,4,96
302052708,1934,2001,96.0,3,90
302052709,1934,2001,96.0,3,90
302052711,1934,2001,95.0,3,90
302052712,1934,2001,96.0,3,90
302052714,1934,2001,96.0,3,90
302052715,1934,2001,96.0,3,90
302052993,1884,2002,73.0,4,140
302053049,1900,2002,102.0,6,124
302053050,1900,2002,102.0,6,124
302053052,1899,2002,84.0,6,125
302053053,1899,2002,94.0,6,125
302053098,1938,2019,80.0,3,86
302053104,1941,2001,123.0,5,83
302053282,1951,2000,101.0,3,73
302053477,1826,2001,61.0,5,198
302053478,1826,2001,33.0,4,198
302053479,1826,2001,34.0,4,198
302053519,1932,2000,51.0,4,92
302053581,1945,2000,44.0,4,79
302053582,1945,2000,45.0,4,79
302053583,1945,2000,45.0,4,79
302053584,1945,2000,45.0,4,79
302053585,1945,2000,45.0,4,79
302053586,1945,2000,46.0,4,79
302053587,1945,2000,47.0,4,79
302053588,1945,2000,45.0,4,79
302053589,1945,2000,44.0,4,79
302053590,1945,2000,45.0,4,79
302053591,1945,2000,45.0,4,79
302053592,1945,2000,47.0,4,79
302053593,1946,2000,46.0,4,78
302053594,1946,2000,45.0,4,78
302053595,1946,2000,45.0,4,78
302053596,1946,2000,45.0,4,78
302053597,1946,2000,45.0,4,78
302053598,1946,2000,47.0,4,78
302053599,1945,2001,46.0,4,79
302053600,1945,2001,45.0,4,79
302053601,1945,2001,45.0,4,79
302053602,1945,2001,45.0,4,79
302053603,1945,2001,45.0,4,79
302053604,1945,2001,45.0,4,79
302053605,1945,2001,45.0,4,79
302053606,1945,2001,45.0,4,79
302053607,1945,2001,46.0,4,79
302053608,1946,2001,46.0,4,78
302053609,1946,2001,44.0,4,78
302053610,1946,2001,45.0,4,78
302053611,1946,2001,45.0,4,78
302053612,1946,2001,45.0,4,78
302053613,1946,2001,45.0,4,78
302053614,1946,2001,45.0,4,78
302053615,1946,2001,45.0,4,78
302053616,1946,2001,46.0,4,78
302053617,1946,2001,47.0,4,78
302053618,1946,2001,45.0,4,78
302053619,1946,2001,45.0,4,78
302053620,1946,2001,45.0,4,78
302053621,1946,2001,45.0,4,78
302053622,1946,2001,45.0,4,78
302053623,1946,2001,45.0,4,78
302053624,1946,2001,45.0,4,78
302053625,1946,2001,44.0,4,78
302053626,1947,2000,47.0,4,77
302053627,1947,2000,47.0,4,77
302053628,1947,2000,45.0,4,77
302053629,1947,2000,45.0,4,77
302053630,1947,2000,45.0,4,77
302053631,1947,2000,45.0,4,77
302053632,1947,2000,46.0,4,77
302053633,1947,2000,47.0,4,77
302053634,1947,2000,46.0,4,77
302053635,1947,2000,45.0,4,77
302053636,1947,2000,45.0,4,77
302053637,1947,2000,45.0,4,77
302053638,1947,2000,45.0,4,77
302053639,1947,2000,46.0,4,77
302053640,1947,2000,46.0,4,77
302053641,1947,2000,47.0,4,77
302053856,1947,2000,53.0,4,77
302053857,1947,2000,52.0,4,77
302053858,1947,2000,54.0,4,77
302053860,1947,2000,52.0,4,77
302053861,1947,2000,52.0,4,77
302053862,1947,2000,52.0,4,77
302053863,1947,2000,54.0,4,77
302053864,1947,2000,54.0,4,77
302053866,1947,2000,52.0,4,77
302053867,1947,2000,52.0,4,77
302053883,1947,2000,52.0,4,77
302053884,1947,2000,52.0,4,77
302053885,1947,2000,54.0,4,77
302053887,1947,2000,52.0,4,77
302053888,1947,2000,52.0,4,77
302053889,1947,2000,52.0,4,77
302053890,1947,2000,54.0,4,77
302053891,1947,2000,54.0,4,77
302053893,1947,2000,52.0,4,77
302053894,1947,2000,53.0,4,77
302053914,1947,2002,146.0,5,77
302053915,1948,2002,159.0,5,76
302053916,1948,2002,159.0,5,76
